REPLACE INTO `iot_db_system`.`sys_dict_item` (`type_id`, `item_id`, `item_name`, `item_desc`, `item_sort`) VALUES ('1', '1', 'dict_item:ci', '按次收费', '1');
REPLACE INTO `iot_db_system`.`sys_dict_item` (`type_id`, `item_id`, `item_name`, `item_desc`, `item_sort`) VALUES ('1', '2', 'dict_item:nian', '按年收费', '2');
REPLACE INTO `iot_db_system`.`sys_dict_item` (`type_id`, `item_id`, `item_name`, `item_desc`, `item_sort`) VALUES ('1', '3', 'dict_item:ge', '按个收费', '3');
REPLACE INTO `iot_db_system`.`sys_dict_item` (`type_id`, `item_id`, `item_name`, `item_desc`, `item_sort`) VALUES ('1', '4', 'dict_item:Event', NULL, '0');
REPLACE INTO `iot_db_system`.`sys_dict_item` (`type_id`, `item_id`, `item_name`, `item_desc`, `item_sort`) VALUES ('1', '5', 'dict_item:tian', NULL, '0');
REPLACE INTO `iot_db_system`.`sys_dict_item` (`type_id`, `item_id`, `item_name`, `item_desc`, `item_sort`) VALUES ('2', '1', 'dict_item:luyingjihua', '', '1');
REPLACE INTO `iot_db_system`.`sys_dict_item` (`type_id`, `item_id`, `item_name`, `item_desc`, `item_sort`) VALUES ('2', '2', 'dict_item:UUIDfangan', '', '2');
REPLACE INTO `iot_db_system`.`sys_dict_item` (`type_id`, `item_id`, `item_name`, `item_desc`, `item_sort`) VALUES ('2', '3', 'dict_item:APPdabao', '', '3');
REPLACE INTO `iot_db_system`.`sys_dict_item` (`type_id`, `item_id`, `item_name`, `item_desc`, `item_sort`) VALUES ('2', '4', 'dict_item:yuyinjieru', '语音控制接入', '4');
REPLACE INTO `iot_db_system`.`sys_dict_item` (`type_id`, `item_id`, `item_name`, `item_desc`, `item_sort`) VALUES ('3', '0', 'dict_item:yiguanbi', NULL, '0');
REPLACE INTO `iot_db_system`.`sys_dict_item` (`type_id`, `item_id`, `item_name`, `item_desc`, `item_sort`) VALUES ('3', '1', 'dict_item:daifukuan', NULL, '0');
REPLACE INTO `iot_db_system`.`sys_dict_item` (`type_id`, `item_id`, `item_name`, `item_desc`, `item_sort`) VALUES ('3', '2', 'dict_item:fukuanshibai', NULL, '0');
REPLACE INTO `iot_db_system`.`sys_dict_item` (`type_id`, `item_id`, `item_name`, `item_desc`, `item_sort`) VALUES ('3', '3', 'dict_item:fukuanchenggong', NULL, '0');
REPLACE INTO `iot_db_system`.`sys_dict_item` (`type_id`, `item_id`, `item_name`, `item_desc`, `item_sort`) VALUES ('3', '4', 'dict_item:tuikuanzhong', NULL, '0');
REPLACE INTO `iot_db_system`.`sys_dict_item` (`type_id`, `item_id`, `item_name`, `item_desc`, `item_sort`) VALUES ('3', '5', 'dict_item:tuikuanchenggong', NULL, '0');
REPLACE INTO `iot_db_system`.`sys_dict_item` (`type_id`, `item_id`, `item_name`, `item_desc`, `item_sort`) VALUES ('3', '6', 'dict_item:tuikuanshibai', NULL, '0');
REPLACE INTO `iot_db_system`.`sys_dict_item` (`type_id`, `item_id`, `item_name`, `item_desc`, `item_sort`) VALUES ('4', '0', 'dict_item:quanshiluying', NULL, '0');
REPLACE INTO `iot_db_system`.`sys_dict_item` (`type_id`, `item_id`, `item_name`, `item_desc`, `item_sort`) VALUES ('4', '1', 'dict_item:shijianluying', NULL, '0');
REPLACE INTO `iot_db_system`.`sys_dict_item` (`type_id`, `item_id`, `item_name`, `item_desc`, `item_sort`) VALUES ('4', '2', 'dict_item:uuidfangan', NULL, '0');
REPLACE INTO `iot_db_system`.`sys_dict_item` (`type_id`, `item_id`, `item_name`, `item_desc`, `item_sort`) VALUES ('4', '3', 'dict_item:APPdabao', NULL, '0');
REPLACE INTO `iot_db_system`.`sys_dict_item` (`type_id`, `item_id`, `item_name`, `item_desc`, `item_sort`) VALUES ('5', '0', 'dict_item:daichuli', NULL, '0');
REPLACE INTO `iot_db_system`.`sys_dict_item` (`type_id`, `item_id`, `item_name`, `item_desc`, `item_sort`) VALUES ('5', '1', 'dict_item:chulizhong', NULL, '1');
REPLACE INTO `iot_db_system`.`sys_dict_item` (`type_id`, `item_id`, `item_name`, `item_desc`, `item_sort`) VALUES ('5', '2', 'dict_item:yiwancheng', NULL, '2');
REPLACE INTO `iot_db_system`.`sys_dict_item` (`type_id`, `item_id`, `item_name`, `item_desc`, `item_sort`) VALUES ('5', '3', 'dict_item:shengchengshibai', NULL, '3');
REPLACE INTO `iot_db_system`.`sys_dict_item` (`type_id`, `item_id`, `item_name`, `item_desc`, `item_sort`) VALUES ('5', '4', 'dict_item:P2PIDbuzu', NULL, '4');
REPLACE INTO `iot_db_system`.`sys_dict_item` (`type_id`, `item_id`, `item_name`, `item_desc`, `item_sort`) VALUES ('6', '0', 'dict_item:weijihuo', NULL, '0');
REPLACE INTO `iot_db_system`.`sys_dict_item` (`type_id`, `item_id`, `item_name`, `item_desc`, `item_sort`) VALUES ('6', '1', 'dict_item:yijihuo', NULL, '1');
REPLACE INTO `iot_db_system`.`sys_dict_item` (`type_id`, `item_id`, `item_name`, `item_desc`, `item_sort`) VALUES ('7', '1', 'dict_item:daifukuan', NULL, '1');
REPLACE INTO `iot_db_system`.`sys_dict_item` (`type_id`, `item_id`, `item_name`, `item_desc`, `item_sort`) VALUES ('7', '2', 'dict_item:yifukuan', NULL, '2');
REPLACE INTO `iot_db_system`.`sys_dict_item` (`type_id`, `item_id`, `item_name`, `item_desc`, `item_sort`) VALUES ('8', '1', 'dict_item:zhengbaoshengji', '', '0');
REPLACE INTO `iot_db_system`.`sys_dict_item` (`type_id`, `item_id`, `item_name`, `item_desc`, `item_sort`) VALUES ('8', '2', 'dict_item:chafenshengji', '', '2');
REPLACE INTO `iot_db_system`.`sys_dict_item` (`type_id`, `item_id`, `item_name`, `item_desc`, `item_sort`) VALUES ('9', '1', 'email:appuserActivate', '用户激活', '1');
REPLACE INTO `iot_db_system`.`sys_dict_item` (`type_id`, `item_id`, `item_name`, `item_desc`, `item_sort`) VALUES ('9', '2', 'email:adminResetPassword', '管理员重置密码', '2');
REPLACE INTO `iot_db_system`.`sys_dict_item` (`type_id`, `item_id`, `item_name`, `item_desc`, `item_sort`) VALUES ('9', '3', 'email:appuserShare', '账号分享', '3');
REPLACE INTO `iot_db_system`.`sys_dict_item` (`type_id`, `item_id`, `item_name`, `item_desc`, `item_sort`) VALUES ('9', '4', 'email:comedueplanComedueRemind', '计划到期提醒', '4');
REPLACE INTO `iot_db_system`.`sys_dict_item` (`type_id`, `item_id`, `item_name`, `item_desc`, `item_sort`) VALUES ('9', '5', 'email:customerActivate', '客户激活', '5');
REPLACE INTO `iot_db_system`.`sys_dict_item` (`type_id`, `item_id`, `item_name`, `item_desc`, `item_sort`) VALUES ('9', '6', 'email:inperiodplanComedueRemind', '临期邮件提醒', '6');
REPLACE INTO `iot_db_system`.`sys_dict_item` (`type_id`, `item_id`, `item_name`, `item_desc`, `item_sort`) VALUES ('9', '7', 'email:outdateplanComedueRemind', '过期邮件提醒', '7');
REPLACE INTO `iot_db_system`.`sys_dict_item` (`type_id`, `item_id`, `item_name`, `item_desc`, `item_sort`) VALUES ('9', '8', 'email:payrefundAudit', '退款审核', '8');
REPLACE INTO `iot_db_system`.`sys_dict_item` (`type_id`, `item_id`, `item_name`, `item_desc`, `item_sort`) VALUES ('9', '9', 'email:resetPassword', '重置密码', '9');
REPLACE INTO `iot_db_system`.`sys_dict_item` (`type_id`, `item_id`, `item_name`, `item_desc`, `item_sort`) VALUES ('9', '10', 'email:shareDevice', '设备分享', '10');
REPLACE INTO `iot_db_system`.`sys_dict_item` (`type_id`, `item_id`, `item_name`, `item_desc`, `item_sort`) VALUES ('9', '11', 'email:userWarningProcessingSchedule', '用户报障提醒', '11');

REPLACE INTO `iot_db_system`.`sys_dict_type` (`type_id`, `type_name`) VALUES ('1', '商品规格单位');
REPLACE INTO `iot_db_system`.`sys_dict_type` (`type_id`, `type_name`) VALUES ('2', '订单类型');
REPLACE INTO `iot_db_system`.`sys_dict_type` (`type_id`, `type_name`) VALUES ('3', '订单状态');
REPLACE INTO `iot_db_system`.`sys_dict_type` (`type_id`, `type_name`) VALUES ('4', '商品类型');
REPLACE INTO `iot_db_system`.`sys_dict_type` (`type_id`, `type_name`) VALUES ('5', 'UUID订单状态');
REPLACE INTO `iot_db_system`.`sys_dict_type` (`type_id`, `type_name`) VALUES ('6', 'UUID激活状态');
REPLACE INTO `iot_db_system`.`sys_dict_type` (`type_id`, `type_name`) VALUES ('7', 'UUID支付状态');
REPLACE INTO `iot_db_system`.`sys_dict_type` (`type_id`, `type_name`) VALUES ('8', '升级包类型');
REPLACE INTO `iot_db_system`.`sys_dict_type` (`type_id`, `type_name`) VALUES ('9', '邮件模板');

REPLACE INTO `iot_db_system`.`lang_info` (`id`, `lang_type`, `lang_key`, `lang_value`, `create_by`, `create_time`, `update_by`, `update_time`, `is_deleted`) VALUES ('175', 'zh_CN', 'auth:jichuyunying', '基础运营', NULL, '2018-07-12 03:06:21', NULL, '2018-07-12 03:06:21', 'valid');
REPLACE INTO `iot_db_system`.`lang_info` (`id`, `lang_type`, `lang_key`, `lang_value`, `create_by`, `create_time`, `update_by`, `update_time`, `is_deleted`) VALUES ('176', 'en_US', 'auth:jichuyunying', 'Operation', NULL, '2018-08-21 01:56:35', NULL, '2018-08-21 01:56:35', 'valid');
REPLACE INTO `iot_db_system`.`lang_info` (`id`, `lang_type`, `lang_key`, `lang_value`, `create_by`, `create_time`, `update_by`, `update_time`, `is_deleted`) VALUES ('177', 'zh_CN', 'auth:shujubaobiao', '数据报表', NULL, '2018-07-12 03:06:21', NULL, '2018-07-12 03:06:21', 'valid');
REPLACE INTO `iot_db_system`.`lang_info` (`id`, `lang_type`, `lang_key`, `lang_value`, `create_by`, `create_time`, `update_by`, `update_time`, `is_deleted`) VALUES ('178', 'en_US', 'auth:shujubaobiao', 'Data reporter', NULL, '2018-08-21 01:57:56', NULL, '2018-08-21 01:57:56', 'valid');
REPLACE INTO `iot_db_system`.`lang_info` (`id`, `lang_type`, `lang_key`, `lang_value`, `create_by`, `create_time`, `update_by`, `update_time`, `is_deleted`) VALUES ('179', 'zh_CN', 'auth:chanpinshixian', '产品实现', NULL, '2018-07-12 03:06:21', NULL, '2018-07-12 03:06:21', 'valid');
REPLACE INTO `iot_db_system`.`lang_info` (`id`, `lang_type`, `lang_key`, `lang_value`, `create_by`, `create_time`, `update_by`, `update_time`, `is_deleted`) VALUES ('180', 'en_US', 'auth:chanpinshixian', 'Product realization', NULL, '2018-08-21 01:59:05', NULL, '2018-08-21 01:59:05', 'valid');
REPLACE INTO `iot_db_system`.`lang_info` (`id`, `lang_type`, `lang_key`, `lang_value`, `create_by`, `create_time`, `update_by`, `update_time`, `is_deleted`) VALUES ('181', 'zh_CN', 'auth:jihuoshuju', '激活数据', NULL, '2018-07-12 03:06:21', NULL, '2018-07-12 03:06:21', 'valid');
REPLACE INTO `iot_db_system`.`lang_info` (`id`, `lang_type`, `lang_key`, `lang_value`, `create_by`, `create_time`, `update_by`, `update_time`, `is_deleted`) VALUES ('182', 'en_US', 'auth:jihuoshuju', 'Activation', NULL, '2018-08-21 02:36:48', NULL, '2018-08-21 02:36:48', 'valid');
REPLACE INTO `iot_db_system`.`lang_info` (`id`, `lang_type`, `lang_key`, `lang_value`, `create_by`, `create_time`, `update_by`, `update_time`, `is_deleted`) VALUES ('183', 'zh_CN', 'auth:huoyueshuju', '活跃数据', NULL, '2018-07-12 03:06:21', NULL, '2018-07-12 03:06:21', 'valid');
REPLACE INTO `iot_db_system`.`lang_info` (`id`, `lang_type`, `lang_key`, `lang_value`, `create_by`, `create_time`, `update_by`, `update_time`, `is_deleted`) VALUES ('184', 'en_US', 'auth:huoyueshuju', 'Activity', NULL, '2018-08-21 02:36:48', NULL, '2018-08-21 02:36:48', 'valid');
REPLACE INTO `iot_db_system`.`lang_info` (`id`, `lang_type`, `lang_key`, `lang_value`, `create_by`, `create_time`, `update_by`, `update_time`, `is_deleted`) VALUES ('185', 'zh_CN', 'auth:xingweifenxi', '行为分析', NULL, '2018-07-12 03:06:22', NULL, '2018-07-12 03:06:22', 'valid');
REPLACE INTO `iot_db_system`.`lang_info` (`id`, `lang_type`, `lang_key`, `lang_value`, `create_by`, `create_time`, `update_by`, `update_time`, `is_deleted`) VALUES ('186', 'en_US', 'auth:xingweifenxi', 'Action', NULL, '2018-08-21 02:36:48', NULL, '2018-08-21 02:36:48', 'valid');
REPLACE INTO `iot_db_system`.`lang_info` (`id`, `lang_type`, `lang_key`, `lang_value`, `create_by`, `create_time`, `update_by`, `update_time`, `is_deleted`) VALUES ('187', 'zh_CN', 'auth:yonghuhuaxiang', '用户画像', NULL, '2018-07-12 03:06:22', NULL, '2018-07-12 03:06:22', 'valid');
REPLACE INTO `iot_db_system`.`lang_info` (`id`, `lang_type`, `lang_key`, `lang_value`, `create_by`, `create_time`, `update_by`, `update_time`, `is_deleted`) VALUES ('188', 'en_US', 'auth:yonghuhuaxiang', 'Persona', NULL, '2018-08-21 02:36:48', NULL, '2018-08-21 02:36:48', 'valid');
REPLACE INTO `iot_db_system`.`lang_info` (`id`, `lang_type`, `lang_key`, `lang_value`, `create_by`, `create_time`, `update_by`, `update_time`, `is_deleted`) VALUES ('189', 'zh_CN', 'auth:diqufenbu', '地区分布', NULL, '2018-07-12 03:06:22', NULL, '2018-07-12 03:06:22', 'valid');
REPLACE INTO `iot_db_system`.`lang_info` (`id`, `lang_type`, `lang_key`, `lang_value`, `create_by`, `create_time`, `update_by`, `update_time`, `is_deleted`) VALUES ('190', 'en_US', 'auth:diqufenbu', 'Territory', NULL, '2018-08-21 02:36:48', NULL, '2018-08-21 02:36:48', 'valid');
REPLACE INTO `iot_db_system`.`lang_info` (`id`, `lang_type`, `lang_key`, `lang_value`, `create_by`, `create_time`, `update_by`, `update_time`, `is_deleted`) VALUES ('191', 'zh_CN', 'auth:UUID', 'UUID', NULL, '2018-07-12 03:06:22', NULL, '2018-07-12 03:06:22', 'valid');
REPLACE INTO `iot_db_system`.`lang_info` (`id`, `lang_type`, `lang_key`, `lang_value`, `create_by`, `create_time`, `update_by`, `update_time`, `is_deleted`) VALUES ('192', 'en_US', 'auth:UUID', 'UUID', NULL, '2018-08-21 02:04:25', NULL, '2018-08-21 02:04:25', 'valid');
REPLACE INTO `iot_db_system`.`lang_info` (`id`, `lang_type`, `lang_key`, `lang_value`, `create_by`, `create_time`, `update_by`, `update_time`, `is_deleted`) VALUES ('193', 'zh_CN', 'auth:UUIDxiangqing', 'UUID详情', NULL, '2018-07-12 03:06:22', NULL, '2018-07-12 03:06:22', 'valid');
REPLACE INTO `iot_db_system`.`lang_info` (`id`, `lang_type`, `lang_key`, `lang_value`, `create_by`, `create_time`, `update_by`, `update_time`, `is_deleted`) VALUES ('194', 'en_US', 'auth:UUIDxiangqing', 'UUID detail', NULL, '2018-08-21 02:36:48', NULL, '2018-08-21 02:36:48', 'valid');
REPLACE INTO `iot_db_system`.`lang_info` (`id`, `lang_type`, `lang_key`, `lang_value`, `create_by`, `create_time`, `update_by`, `update_time`, `is_deleted`) VALUES ('195', 'zh_CN', 'auth:UUIDshenqing', 'UUID申请', NULL, '2018-07-12 03:06:22', NULL, '2018-07-12 03:06:22', 'valid');
REPLACE INTO `iot_db_system`.`lang_info` (`id`, `lang_type`, `lang_key`, `lang_value`, `create_by`, `create_time`, `update_by`, `update_time`, `is_deleted`) VALUES ('196', 'en_US', 'auth:UUIDshenqing', 'UUID Application', NULL, '2018-08-21 02:36:48', NULL, '2018-08-21 02:36:48', 'valid');
REPLACE INTO `iot_db_system`.`lang_info` (`id`, `lang_type`, `lang_key`, `lang_value`, `create_by`, `create_time`, `update_by`, `update_time`, `is_deleted`) VALUES ('197', 'zh_CN', 'auth:UUIDchaxun', 'UUID查询', NULL, '2018-07-12 03:06:22', NULL, '2018-07-12 03:06:22', 'valid');
REPLACE INTO `iot_db_system`.`lang_info` (`id`, `lang_type`, `lang_key`, `lang_value`, `create_by`, `create_time`, `update_by`, `update_time`, `is_deleted`) VALUES ('198', 'en_US', 'auth:UUIDchaxun', 'uuid Inquire', NULL, '2018-08-21 02:36:48', NULL, '2018-08-21 02:36:48', 'valid');
REPLACE INTO `iot_db_system`.`lang_info` (`id`, `lang_type`, `lang_key`, `lang_value`, `create_by`, `create_time`, `update_by`, `update_time`, `is_deleted`) VALUES ('199', 'zh_CN', 'auth:OTAguanli', 'OTA管理', NULL, '2018-07-12 03:06:22', NULL, '2018-07-12 03:06:22', 'valid');
REPLACE INTO `iot_db_system`.`lang_info` (`id`, `lang_type`, `lang_key`, `lang_value`, `create_by`, `create_time`, `update_by`, `update_time`, `is_deleted`) VALUES ('200', 'en_US', 'auth:OTAguanli', 'OTA Management', NULL, '2018-08-21 02:36:48', NULL, '2018-08-21 02:36:48', 'valid');
REPLACE INTO `iot_db_system`.`lang_info` (`id`, `lang_type`, `lang_key`, `lang_value`, `create_by`, `create_time`, `update_by`, `update_time`, `is_deleted`) VALUES ('201', 'zh_CN', 'auth:banbenguanli', '版本管理', NULL, '2018-07-12 03:06:23', NULL, '2018-07-12 03:06:23', 'valid');
REPLACE INTO `iot_db_system`.`lang_info` (`id`, `lang_type`, `lang_key`, `lang_value`, `create_by`, `create_time`, `update_by`, `update_time`, `is_deleted`) VALUES ('202', 'en_US', 'auth:banbenguanli', 'Version Management', NULL, '2018-08-21 02:36:48', NULL, '2018-08-21 02:36:48', 'valid');
REPLACE INTO `iot_db_system`.`lang_info` (`id`, `lang_type`, `lang_key`, `lang_value`, `create_by`, `create_time`, `update_by`, `update_time`, `is_deleted`) VALUES ('203', 'zh_CN', 'auth:lishishengjibaogao', '历史升级报告', NULL, '2018-07-12 03:06:23', NULL, '2018-07-12 03:06:23', 'valid');
REPLACE INTO `iot_db_system`.`lang_info` (`id`, `lang_type`, `lang_key`, `lang_value`, `create_by`, `create_time`, `update_by`, `update_time`, `is_deleted`) VALUES ('204', 'en_US', 'auth:lishishengjibaogao', 'History Upgrade Report', NULL, '2018-08-21 02:36:48', NULL, '2018-08-21 02:36:48', 'valid');
REPLACE INTO `iot_db_system`.`lang_info` (`id`, `lang_type`, `lang_key`, `lang_value`, `create_by`, `create_time`, `update_by`, `update_time`, `is_deleted`) VALUES ('205', 'zh_CN', 'auth:chuangjianchanpin', '创建产品', NULL, '2018-07-12 03:06:23', NULL, '2018-07-12 03:06:23', 'valid');
REPLACE INTO `iot_db_system`.`lang_info` (`id`, `lang_type`, `lang_key`, `lang_value`, `create_by`, `create_time`, `update_by`, `update_time`, `is_deleted`) VALUES ('206', 'en_US', 'auth:chuangjianchanpin', 'Products', NULL, '2018-08-21 02:36:48', NULL, '2018-08-21 02:36:48', 'valid');
REPLACE INTO `iot_db_system`.`lang_info` (`id`, `lang_type`, `lang_key`, `lang_value`, `create_by`, `create_time`, `update_by`, `update_time`, `is_deleted`) VALUES ('207', 'zh_CN', 'auth:chuangjianyingyong', '创建应用', NULL, '2018-07-12 03:06:23', NULL, '2018-07-12 03:06:23', 'valid');
REPLACE INTO `iot_db_system`.`lang_info` (`id`, `lang_type`, `lang_key`, `lang_value`, `create_by`, `create_time`, `update_by`, `update_time`, `is_deleted`) VALUES ('208', 'en_US', 'auth:chuangjianyingyong', 'Create a new Application', NULL, '2018-08-21 02:36:48', NULL, '2018-08-21 02:36:48', 'valid');
REPLACE INTO `iot_db_system`.`lang_info` (`id`, `lang_type`, `lang_key`, `lang_value`, `create_by`, `create_time`, `update_by`, `update_time`, `is_deleted`) VALUES ('209', 'zh_CN', 'auth:chuangjianchanpin-chanpinxinxi', '创建产品-产品信息', NULL, '2018-07-12 03:06:23', NULL, '2018-07-12 03:06:23', 'valid');
REPLACE INTO `iot_db_system`.`lang_info` (`id`, `lang_type`, `lang_key`, `lang_value`, `create_by`, `create_time`, `update_by`, `update_time`, `is_deleted`) VALUES ('210', 'en_US', 'auth:chuangjianchanpin-chanpinxinxi', '创建产品-产品信息-en', NULL, '2018-07-12 03:06:23', NULL, '2018-07-12 03:06:23', 'valid');
REPLACE INTO `iot_db_system`.`lang_info` (`id`, `lang_type`, `lang_key`, `lang_value`, `create_by`, `create_time`, `update_by`, `update_time`, `is_deleted`) VALUES ('211', 'zh_CN', 'auth:chanpingongnengdingyi', '产品功能定义', NULL, '2018-07-12 03:06:23', NULL, '2018-07-12 03:06:23', 'valid');
REPLACE INTO `iot_db_system`.`lang_info` (`id`, `lang_type`, `lang_key`, `lang_value`, `create_by`, `create_time`, `update_by`, `update_time`, `is_deleted`) VALUES ('212', 'en_US', 'auth:chanpingongnengdingyi', 'Product function definition', NULL, '2018-08-21 02:36:48', NULL, '2018-08-21 02:36:48', 'valid');
REPLACE INTO `iot_db_system`.`lang_info` (`id`, `lang_type`, `lang_key`, `lang_value`, `create_by`, `create_time`, `update_by`, `update_time`, `is_deleted`) VALUES ('213', 'zh_CN', 'auth:chanpingongnengdingyi-biaozhungongneng', '产品功能定义-标准功能', NULL, '2018-07-12 03:06:23', NULL, '2018-07-12 03:06:23', 'valid');
REPLACE INTO `iot_db_system`.`lang_info` (`id`, `lang_type`, `lang_key`, `lang_value`, `create_by`, `create_time`, `update_by`, `update_time`, `is_deleted`) VALUES ('214', 'en_US', 'auth:chanpingongnengdingyi-biaozhungongneng', '产品功能定义-标准功能-en', NULL, '2018-07-12 03:06:23', NULL, '2018-07-12 03:06:23', 'valid');
REPLACE INTO `iot_db_system`.`lang_info` (`id`, `lang_type`, `lang_key`, `lang_value`, `create_by`, `create_time`, `update_by`, `update_time`, `is_deleted`) VALUES ('215', 'zh_CN', 'auth:zizhugongneng', '自主功能', NULL, '2018-07-12 03:06:23', NULL, '2018-07-12 03:06:23', 'valid');
REPLACE INTO `iot_db_system`.`lang_info` (`id`, `lang_type`, `lang_key`, `lang_value`, `create_by`, `create_time`, `update_by`, `update_time`, `is_deleted`) VALUES ('216', 'en_US', 'auth:zizhugongneng', 'automatical function', NULL, '2018-08-21 02:36:49', NULL, '2018-08-21 02:36:49', 'valid');
REPLACE INTO `iot_db_system`.`lang_info` (`id`, `lang_type`, `lang_key`, `lang_value`, `create_by`, `create_time`, `update_by`, `update_time`, `is_deleted`) VALUES ('217', 'zh_CN', 'auth:gongnengshuxi，fangfa，shijiantianjia', '功能熟悉，方法，事件添加', NULL, '2018-07-12 03:06:24', NULL, '2018-07-12 03:06:24', 'valid');
REPLACE INTO `iot_db_system`.`lang_info` (`id`, `lang_type`, `lang_key`, `lang_value`, `create_by`, `create_time`, `update_by`, `update_time`, `is_deleted`) VALUES ('218', 'en_US', 'auth:gongnengshuxi，fangfa，shijiantianjia', '功能熟悉，方法，事件添加-en', NULL, '2018-07-12 03:06:24', NULL, '2018-07-12 03:06:24', 'valid');
REPLACE INTO `iot_db_system`.`lang_info` (`id`, `lang_type`, `lang_key`, `lang_value`, `create_by`, `create_time`, `update_by`, `update_time`, `is_deleted`) VALUES ('219', 'zh_CN', 'auth:gongnengshuxingbianji', '功能属性编辑', NULL, '2018-07-12 03:06:24', NULL, '2018-07-12 03:06:24', 'valid');
REPLACE INTO `iot_db_system`.`lang_info` (`id`, `lang_type`, `lang_key`, `lang_value`, `create_by`, `create_time`, `update_by`, `update_time`, `is_deleted`) VALUES ('220', 'en_US', 'auth:gongnengshuxingbianji', '功能属性编辑-en', NULL, '2018-07-12 03:06:24', NULL, '2018-07-12 03:06:24', 'valid');
REPLACE INTO `iot_db_system`.`lang_info` (`id`, `lang_type`, `lang_key`, `lang_value`, `create_by`, `create_time`, `update_by`, `update_time`, `is_deleted`) VALUES ('221', 'zh_CN', 'auth:gongnengfanganbianji', '功能方案编辑', NULL, '2018-07-12 03:06:24', NULL, '2018-07-12 03:06:24', 'valid');
REPLACE INTO `iot_db_system`.`lang_info` (`id`, `lang_type`, `lang_key`, `lang_value`, `create_by`, `create_time`, `update_by`, `update_time`, `is_deleted`) VALUES ('222', 'en_US', 'auth:gongnengfanganbianji', '功能方案编辑-en', NULL, '2018-07-12 03:06:24', NULL, '2018-07-12 03:06:24', 'valid');
REPLACE INTO `iot_db_system`.`lang_info` (`id`, `lang_type`, `lang_key`, `lang_value`, `create_by`, `create_time`, `update_by`, `update_time`, `is_deleted`) VALUES ('223', 'zh_CN', 'auth:gongnengshijianbianji', '功能事件编辑', NULL, '2018-07-12 03:06:24', NULL, '2018-07-12 03:06:24', 'valid');
REPLACE INTO `iot_db_system`.`lang_info` (`id`, `lang_type`, `lang_key`, `lang_value`, `create_by`, `create_time`, `update_by`, `update_time`, `is_deleted`) VALUES ('224', 'en_US', 'auth:gongnengshijianbianji', '功能事件编辑-en', NULL, '2018-07-12 03:06:24', NULL, '2018-07-12 03:06:24', 'valid');
REPLACE INTO `iot_db_system`.`lang_info` (`id`, `lang_type`, `lang_key`, `lang_value`, `create_by`, `create_time`, `update_by`, `update_time`, `is_deleted`) VALUES ('225', 'zh_CN', 'auth:chanpingongnengdingyi-APPjiemian', '产品功能定义-APP界面', NULL, '2018-07-12 03:06:24', NULL, '2018-07-12 03:06:24', 'valid');
REPLACE INTO `iot_db_system`.`lang_info` (`id`, `lang_type`, `lang_key`, `lang_value`, `create_by`, `create_time`, `update_by`, `update_time`, `is_deleted`) VALUES ('226', 'en_US', 'auth:chanpingongnengdingyi-APPjiemian', '产品功能定义-APP界面-en', NULL, '2018-07-12 03:06:24', NULL, '2018-07-12 03:06:24', 'valid');
REPLACE INTO `iot_db_system`.`lang_info` (`id`, `lang_type`, `lang_key`, `lang_value`, `create_by`, `create_time`, `update_by`, `update_time`, `is_deleted`) VALUES ('227', 'zh_CN', 'auth:xuanzhongmoban-saomatiyan', '选中模板-扫码体验', NULL, '2018-07-12 03:06:24', NULL, '2018-07-12 03:06:24', 'valid');
REPLACE INTO `iot_db_system`.`lang_info` (`id`, `lang_type`, `lang_key`, `lang_value`, `create_by`, `create_time`, `update_by`, `update_time`, `is_deleted`) VALUES ('228', 'en_US', 'auth:xuanzhongmoban-saomatiyan', '选中模板-扫码体验-en', NULL, '2018-07-12 03:06:24', NULL, '2018-07-12 03:06:24', 'valid');
REPLACE INTO `iot_db_system`.`lang_info` (`id`, `lang_type`, `lang_key`, `lang_value`, `create_by`, `create_time`, `update_by`, `update_time`, `is_deleted`) VALUES ('229', 'zh_CN', 'auth:chanpindingyi-yingjiandiaoshi', '产品定义-硬件调试', NULL, '2018-07-12 03:06:24', NULL, '2018-07-12 03:06:24', 'valid');
REPLACE INTO `iot_db_system`.`lang_info` (`id`, `lang_type`, `lang_key`, `lang_value`, `create_by`, `create_time`, `update_by`, `update_time`, `is_deleted`) VALUES ('230', 'en_US', 'auth:chanpindingyi-yingjiandiaoshi', '产品定义-硬件调试-en', NULL, '2018-07-12 03:06:24', NULL, '2018-07-12 03:06:24', 'valid');
REPLACE INTO `iot_db_system`.`lang_info` (`id`, `lang_type`, `lang_key`, `lang_value`, `create_by`, `create_time`, `update_by`, `update_time`, `is_deleted`) VALUES ('231', 'zh_CN', 'auth:yingjiandiaoshi-genghuanmokuai', '硬件调试-更换模块', NULL, '2018-07-12 03:06:25', NULL, '2018-07-12 03:06:25', 'valid');
REPLACE INTO `iot_db_system`.`lang_info` (`id`, `lang_type`, `lang_key`, `lang_value`, `create_by`, `create_time`, `update_by`, `update_time`, `is_deleted`) VALUES ('232', 'en_US', 'auth:yingjiandiaoshi-genghuanmokuai', '硬件调试-更换模块-en', NULL, '2018-07-12 03:06:25', NULL, '2018-07-12 03:06:25', 'valid');
REPLACE INTO `iot_db_system`.`lang_info` (`id`, `lang_type`, `lang_key`, `lang_value`, `create_by`, `create_time`, `update_by`, `update_time`, `is_deleted`) VALUES ('233', 'zh_CN', 'auth:yingjiandiaoshi-mokuaixiangqing', '硬件调试-模块详情', NULL, '2018-07-12 03:06:25', NULL, '2018-07-12 03:06:25', 'valid');
REPLACE INTO `iot_db_system`.`lang_info` (`id`, `lang_type`, `lang_key`, `lang_value`, `create_by`, `create_time`, `update_by`, `update_time`, `is_deleted`) VALUES ('234', 'en_US', 'auth:yingjiandiaoshi-mokuaixiangqing', '硬件调试-模块详情-en', NULL, '2018-07-12 03:06:25', NULL, '2018-07-12 03:06:25', 'valid');
REPLACE INTO `iot_db_system`.`lang_info` (`id`, `lang_type`, `lang_key`, `lang_value`, `create_by`, `create_time`, `update_by`, `update_time`, `is_deleted`) VALUES ('235', 'zh_CN', 'auth:chanpindingyi-tuozhangongneng', '产品定义-拓展功能', NULL, '2018-07-12 03:06:25', NULL, '2018-07-12 03:06:25', 'valid');
REPLACE INTO `iot_db_system`.`lang_info` (`id`, `lang_type`, `lang_key`, `lang_value`, `create_by`, `create_time`, `update_by`, `update_time`, `is_deleted`) VALUES ('236', 'en_US', 'auth:chanpindingyi-tuozhangongneng', '产品定义-拓展功能-en', NULL, '2018-07-12 03:06:25', NULL, '2018-07-12 03:06:25', 'valid');
REPLACE INTO `iot_db_system`.`lang_info` (`id`, `lang_type`, `lang_key`, `lang_value`, `create_by`, `create_time`, `update_by`, `update_time`, `is_deleted`) VALUES ('237', 'zh_CN', 'auth:liandongpeizhi', '联动配置', NULL, '2018-07-12 03:06:25', NULL, '2018-07-12 03:06:25', 'valid');
REPLACE INTO `iot_db_system`.`lang_info` (`id`, `lang_type`, `lang_key`, `lang_value`, `create_by`, `create_time`, `update_by`, `update_time`, `is_deleted`) VALUES ('238', 'en_US', 'auth:liandongpeizhi', 'Linkage configuration', NULL, '2018-08-21 02:36:49', NULL, '2018-08-21 02:36:49', 'valid');
REPLACE INTO `iot_db_system`.`lang_info` (`id`, `lang_type`, `lang_key`, `lang_value`, `create_by`, `create_time`, `update_by`, `update_time`, `is_deleted`) VALUES ('239', 'zh_CN', 'auth:tuozhangongneng-duoyuyanguanli', '拓展功能-多语言管理', NULL, '2018-07-12 03:06:25', NULL, '2018-07-12 03:06:25', 'valid');
REPLACE INTO `iot_db_system`.`lang_info` (`id`, `lang_type`, `lang_key`, `lang_value`, `create_by`, `create_time`, `update_by`, `update_time`, `is_deleted`) VALUES ('240', 'en_US', 'auth:tuozhangongneng-duoyuyanguanli', '拓展功能-多语言管理-en', NULL, '2018-07-12 03:06:25', NULL, '2018-07-12 03:06:25', 'valid');
REPLACE INTO `iot_db_system`.`lang_info` (`id`, `lang_type`, `lang_key`, `lang_value`, `create_by`, `create_time`, `update_by`, `update_time`, `is_deleted`) VALUES ('241', 'zh_CN', 'auth:Alexajieru', 'Alexa接入', NULL, '2018-07-12 03:06:25', NULL, '2018-07-12 03:06:25', 'valid');
REPLACE INTO `iot_db_system`.`lang_info` (`id`, `lang_type`, `lang_key`, `lang_value`, `create_by`, `create_time`, `update_by`, `update_time`, `is_deleted`) VALUES ('242', 'en_US', 'auth:Alexajieru', 'Alexa接入-en', NULL, '2018-07-12 03:06:25', NULL, '2018-07-12 03:06:25', 'valid');
REPLACE INTO `iot_db_system`.`lang_info` (`id`, `lang_type`, `lang_key`, `lang_value`, `create_by`, `create_time`, `update_by`, `update_time`, `is_deleted`) VALUES ('243', 'zh_CN', 'auth:chanpindingyi-piliangtouchan', '产品定义-批量投产', NULL, '2018-07-12 03:06:25', NULL, '2018-07-12 03:06:25', 'valid');
REPLACE INTO `iot_db_system`.`lang_info` (`id`, `lang_type`, `lang_key`, `lang_value`, `create_by`, `create_time`, `update_by`, `update_time`, `is_deleted`) VALUES ('244', 'en_US', 'auth:chanpindingyi-piliangtouchan', '产品定义-批量投产-en', NULL, '2018-07-12 03:06:25', NULL, '2018-07-12 03:06:25', 'valid');
REPLACE INTO `iot_db_system`.`lang_info` (`id`, `lang_type`, `lang_key`, `lang_value`, `create_by`, `create_time`, `update_by`, `update_time`, `is_deleted`) VALUES ('245', 'zh_CN', 'auth:bianjichanpinxinxi', '编辑产品信息', NULL, '2018-07-12 03:06:25', NULL, '2018-07-12 03:06:25', 'valid');
REPLACE INTO `iot_db_system`.`lang_info` (`id`, `lang_type`, `lang_key`, `lang_value`, `create_by`, `create_time`, `update_by`, `update_time`, `is_deleted`) VALUES ('246', 'en_US', 'auth:bianjichanpinxinxi', 'Edit Device Information', NULL, '2018-08-21 02:36:49', NULL, '2018-08-21 02:36:49', 'valid');
REPLACE INTO `iot_db_system`.`lang_info` (`id`, `lang_type`, `lang_key`, `lang_value`, `create_by`, `create_time`, `update_by`, `update_time`, `is_deleted`) VALUES ('247', 'zh_CN', 'auth:gexinghuayugongneng', '个性化与功能', NULL, '2018-07-12 03:06:26', NULL, '2018-07-12 03:06:26', 'valid');
REPLACE INTO `iot_db_system`.`lang_info` (`id`, `lang_type`, `lang_key`, `lang_value`, `create_by`, `create_time`, `update_by`, `update_time`, `is_deleted`) VALUES ('248', 'en_US', 'auth:gexinghuayugongneng', 'Personalization & Function', NULL, '2018-08-21 02:36:49', NULL, '2018-08-21 02:36:49', 'valid');
REPLACE INTO `iot_db_system`.`lang_info` (`id`, `lang_type`, `lang_key`, `lang_value`, `create_by`, `create_time`, `update_by`, `update_time`, `is_deleted`) VALUES ('249', 'zh_CN', 'auth:fenleichakan', '分类查看', NULL, '2018-07-12 03:06:26', NULL, '2018-07-12 03:06:26', 'valid');
REPLACE INTO `iot_db_system`.`lang_info` (`id`, `lang_type`, `lang_key`, `lang_value`, `create_by`, `create_time`, `update_by`, `update_time`, `is_deleted`) VALUES ('250', 'en_US', 'auth:fenleichakan', '分类查看-en', NULL, '2018-07-12 03:06:26', NULL, '2018-07-12 03:06:26', 'valid');
REPLACE INTO `iot_db_system`.`lang_info` (`id`, `lang_type`, `lang_key`, `lang_value`, `create_by`, `create_time`, `update_by`, `update_time`, `is_deleted`) VALUES ('251', 'zh_CN', 'auth:peiwangyindao', '配网引导', NULL, '2018-07-12 03:06:26', NULL, '2018-07-12 03:06:26', 'valid');
REPLACE INTO `iot_db_system`.`lang_info` (`id`, `lang_type`, `lang_key`, `lang_value`, `create_by`, `create_time`, `update_by`, `update_time`, `is_deleted`) VALUES ('252', 'en_US', 'auth:peiwangyindao', 'Network connection guide icon', NULL, '2018-08-21 02:36:49', NULL, '2018-08-21 02:36:49', 'valid');
REPLACE INTO `iot_db_system`.`lang_info` (`id`, `lang_type`, `lang_key`, `lang_value`, `create_by`, `create_time`, `update_by`, `update_time`, `is_deleted`) VALUES ('253', 'zh_CN', 'auth:duoyuyanguanli', '多语言管理', NULL, '2018-07-12 03:06:26', NULL, '2018-07-12 03:06:26', 'valid');
REPLACE INTO `iot_db_system`.`lang_info` (`id`, `lang_type`, `lang_key`, `lang_value`, `create_by`, `create_time`, `update_by`, `update_time`, `is_deleted`) VALUES ('254', 'en_US', 'auth:duoyuyanguanli', 'Multilanguage', NULL, '2018-08-21 02:36:49', NULL, '2018-08-21 02:36:49', 'valid');
REPLACE INTO `iot_db_system`.`lang_info` (`id`, `lang_type`, `lang_key`, `lang_value`, `create_by`, `create_time`, `update_by`, `update_time`, `is_deleted`) VALUES ('255', 'zh_CN', 'auth:yingyongzhengshu', '应用证书', NULL, '2018-07-12 03:06:26', NULL, '2018-07-12 03:06:26', 'valid');
REPLACE INTO `iot_db_system`.`lang_info` (`id`, `lang_type`, `lang_key`, `lang_value`, `create_by`, `create_time`, `update_by`, `update_time`, `is_deleted`) VALUES ('256', 'en_US', 'auth:yingyongzhengshu', 'Application Certification', NULL, '2018-08-21 02:36:49', NULL, '2018-08-21 02:36:49', 'valid');
REPLACE INTO `iot_db_system`.`lang_info` (`id`, `lang_type`, `lang_key`, `lang_value`, `create_by`, `create_time`, `update_by`, `update_time`, `is_deleted`) VALUES ('257', 'zh_CN', 'auth:tuozhanpeizhi', '拓展配置', NULL, '2018-07-12 03:06:26', NULL, '2018-07-12 03:06:26', 'valid');
REPLACE INTO `iot_db_system`.`lang_info` (`id`, `lang_type`, `lang_key`, `lang_value`, `create_by`, `create_time`, `update_by`, `update_time`, `is_deleted`) VALUES ('258', 'en_US', 'auth:tuozhanpeizhi', 'Expansion Configuration', NULL, '2018-08-21 02:36:49', NULL, '2018-08-21 02:36:49', 'valid');
REPLACE INTO `iot_db_system`.`lang_info` (`id`, `lang_type`, `lang_key`, `lang_value`, `create_by`, `create_time`, `update_by`, `update_time`, `is_deleted`) VALUES ('259', 'zh_CN', 'auth:yingyonggoujianyuxiazai', '应用构建与下载', NULL, '2018-07-12 03:06:26', NULL, '2018-07-12 03:06:26', 'valid');
REPLACE INTO `iot_db_system`.`lang_info` (`id`, `lang_type`, `lang_key`, `lang_value`, `create_by`, `create_time`, `update_by`, `update_time`, `is_deleted`) VALUES ('260', 'en_US', 'auth:yingyonggoujianyuxiazai', 'Building & Download', NULL, '2018-08-21 02:36:49', NULL, '2018-08-21 02:36:49', 'valid');
REPLACE INTO `iot_db_system`.`lang_info` (`id`, `lang_type`, `lang_key`, `lang_value`, `create_by`, `create_time`, `update_by`, `update_time`, `is_deleted`) VALUES ('261', 'zh_CN', 'goods:zhilianfangan', '直连方案', NULL, '2018-07-12 03:08:05', NULL, '2018-07-12 03:08:05', 'valid');
REPLACE INTO `iot_db_system`.`lang_info` (`id`, `lang_type`, `lang_key`, `lang_value`, `create_by`, `create_time`, `update_by`, `update_time`, `is_deleted`) VALUES ('262', 'en_US', 'goods:zhilianfangan', 'Direct Solution', NULL, '2018-08-21 02:36:49', NULL, '2018-08-21 02:36:49', 'valid');
REPLACE INTO `iot_db_system`.`lang_info` (`id`, `lang_type`, `lang_key`, `lang_value`, `create_by`, `create_time`, `update_by`, `update_time`, `is_deleted`) VALUES ('263', 'zh_CN', 'goods:lanyafangan', '蓝牙方案', NULL, '2018-07-12 03:08:05', NULL, '2018-07-12 03:08:05', 'valid');
REPLACE INTO `iot_db_system`.`lang_info` (`id`, `lang_type`, `lang_key`, `lang_value`, `create_by`, `create_time`, `update_by`, `update_time`, `is_deleted`) VALUES ('264', 'en_US', 'goods:lanyafangan', 'Bluetooth Solution', NULL, '2018-08-21 02:36:49', NULL, '2018-08-21 02:36:49', 'valid');
REPLACE INTO `iot_db_system`.`lang_info` (`id`, `lang_type`, `lang_key`, `lang_value`, `create_by`, `create_time`, `update_by`, `update_time`, `is_deleted`) VALUES ('265', 'zh_CN', 'goods:wangguanfangan', '网关方案', NULL, '2018-07-12 03:08:05', NULL, '2018-07-12 03:08:05', 'valid');
REPLACE INTO `iot_db_system`.`lang_info` (`id`, `lang_type`, `lang_key`, `lang_value`, `create_by`, `create_time`, `update_by`, `update_time`, `is_deleted`) VALUES ('266', 'en_US', 'goods:wangguanfangan', 'Gateway Solution', NULL, '2018-08-21 02:36:49', NULL, '2018-08-21 02:36:49', 'valid');
REPLACE INTO `iot_db_system`.`lang_info` (`id`, `lang_type`, `lang_key`, `lang_value`, `create_by`, `create_time`, `update_by`, `update_time`, `is_deleted`) VALUES ('267', 'zh_CN', 'goods:IPCfangan', 'IPC方案', NULL, '2018-07-12 03:08:05', NULL, '2018-07-12 03:08:05', 'valid');
REPLACE INTO `iot_db_system`.`lang_info` (`id`, `lang_type`, `lang_key`, `lang_value`, `create_by`, `create_time`, `update_by`, `update_time`, `is_deleted`) VALUES ('268', 'en_US', 'goods:IPCfangan', 'IPC Solution', NULL, '2018-08-21 02:36:49', NULL, '2018-08-21 02:36:49', 'valid');
REPLACE INTO `iot_db_system`.`lang_info` (`id`, `lang_type`, `lang_key`, `lang_value`, `create_by`, `create_time`, `update_by`, `update_time`, `is_deleted`) VALUES ('269', 'zh_CN', 'goods:APPdabao', 'APP打包', NULL, '2018-07-12 03:08:05', NULL, '2018-07-12 03:08:05', 'valid');
REPLACE INTO `iot_db_system`.`lang_info` (`id`, `lang_type`, `lang_key`, `lang_value`, `create_by`, `create_time`, `update_by`, `update_time`, `is_deleted`) VALUES ('270', 'en_US', 'goods:APPdabao', 'APP打包-en', NULL, '2018-07-12 03:08:05', NULL, '2018-07-12 03:08:05', 'valid');
REPLACE INTO `iot_db_system`.`lang_info` (`id`, `lang_type`, `lang_key`, `lang_value`, `create_by`, `create_time`, `update_by`, `update_time`, `is_deleted`) VALUES ('271', 'zh_CN', 'goods:quanshiluying', '全时录影', NULL, '2018-08-29 06:28:04', NULL, '2018-08-29 06:28:04', 'valid');
REPLACE INTO `iot_db_system`.`lang_info` (`id`, `lang_type`, `lang_key`, `lang_value`, `create_by`, `create_time`, `update_by`, `update_time`, `is_deleted`) VALUES ('272', 'en_US', 'goods:quanshiluying', '7Days/Mon', NULL, '2018-08-30 08:06:51', NULL, '2018-08-30 08:06:51', 'valid');
REPLACE INTO `iot_db_system`.`lang_info` (`id`, `lang_type`, `lang_key`, `lang_value`, `create_by`, `create_time`, `update_by`, `update_time`, `is_deleted`) VALUES ('273', 'zh_CN', 'goods:300shijianluying', '300事件录影', NULL, '2018-07-12 03:08:06', NULL, '2018-07-12 03:08:06', 'valid');
REPLACE INTO `iot_db_system`.`lang_info` (`id`, `lang_type`, `lang_key`, `lang_value`, `create_by`, `create_time`, `update_by`, `update_time`, `is_deleted`) VALUES ('274', 'en_US', 'goods:300shijianluying', '300Event/Mon', NULL, '2018-08-30 08:06:59', NULL, '2018-08-30 08:06:59', 'valid');
REPLACE INTO `iot_db_system`.`lang_info` (`id`, `lang_type`, `lang_key`, `lang_value`, `create_by`, `create_time`, `update_by`, `update_time`, `is_deleted`) VALUES ('275', 'zh_CN', 'goods:600shijianluying', '600事件录影', NULL, '2018-07-12 03:08:06', NULL, '2018-07-12 03:08:06', 'valid');
REPLACE INTO `iot_db_system`.`lang_info` (`id`, `lang_type`, `lang_key`, `lang_value`, `create_by`, `create_time`, `update_by`, `update_time`, `is_deleted`) VALUES ('276', 'en_US', 'goods:600shijianluying', '600Event/Mon', NULL, '2018-08-30 08:07:03', NULL, '2018-08-30 08:07:03', 'valid');
REPLACE INTO `iot_db_system`.`lang_info` (`id`, `lang_type`, `lang_key`, `lang_value`, `create_by`, `create_time`, `update_by`, `update_time`, `is_deleted`) VALUES ('293', 'zh_CN', 'goods_extend:anfang', '安防', NULL, '2018-07-12 03:14:27', NULL, '2018-07-12 03:14:27', 'valid');
REPLACE INTO `iot_db_system`.`lang_info` (`id`, `lang_type`, `lang_key`, `lang_value`, `create_by`, `create_time`, `update_by`, `update_time`, `is_deleted`) VALUES ('294', 'en_US', 'goods_extend:anfang', 'Security', NULL, '2018-08-21 03:01:36', NULL, '2018-08-21 03:01:36', 'valid');
REPLACE INTO `iot_db_system`.`lang_info` (`id`, `lang_type`, `lang_key`, `lang_value`, `create_by`, `create_time`, `update_by`, `update_time`, `is_deleted`) VALUES ('295', 'zh_CN', 'goods_extend:zhaoming', '照明', NULL, '2018-07-12 03:14:27', NULL, '2018-07-12 03:14:27', 'valid');
REPLACE INTO `iot_db_system`.`lang_info` (`id`, `lang_type`, `lang_key`, `lang_value`, `create_by`, `create_time`, `update_by`, `update_time`, `is_deleted`) VALUES ('296', 'en_US', 'goods_extend:zhaoming', 'Surveillance', NULL, '2018-08-21 03:01:36', NULL, '2018-08-21 03:01:36', 'valid');
REPLACE INTO `iot_db_system`.`lang_info` (`id`, `lang_type`, `lang_key`, `lang_value`, `create_by`, `create_time`, `update_by`, `update_time`, `is_deleted`) VALUES ('297', 'zh_CN', 'goods_extend:kongzhi', '控制', NULL, '2018-07-12 03:14:27', NULL, '2018-07-12 03:14:27', 'valid');
REPLACE INTO `iot_db_system`.`lang_info` (`id`, `lang_type`, `lang_key`, `lang_value`, `create_by`, `create_time`, `update_by`, `update_time`, `is_deleted`) VALUES ('298', 'en_US', 'goods_extend:kongzhi', 'Control', NULL, '2018-08-21 03:01:36', NULL, '2018-08-21 03:01:36', 'valid');
REPLACE INTO `iot_db_system`.`lang_info` (`id`, `lang_type`, `lang_key`, `lang_value`, `create_by`, `create_time`, `update_by`, `update_time`, `is_deleted`) VALUES ('299', 'zh_CN', 'dict_item:ci', '次', NULL, '2018-07-12 03:17:43', NULL, '2018-07-12 03:17:43', 'valid');
REPLACE INTO `iot_db_system`.`lang_info` (`id`, `lang_type`, `lang_key`, `lang_value`, `create_by`, `create_time`, `update_by`, `update_time`, `is_deleted`) VALUES ('300', 'en_US', 'dict_item:ci', '次-en', NULL, '2018-07-12 03:17:43', NULL, '2018-07-12 03:17:43', 'valid');
REPLACE INTO `iot_db_system`.`lang_info` (`id`, `lang_type`, `lang_key`, `lang_value`, `create_by`, `create_time`, `update_by`, `update_time`, `is_deleted`) VALUES ('301', 'zh_CN', 'dict_item:nian', '年', NULL, '2018-07-12 03:17:43', NULL, '2018-07-12 03:17:43', 'valid');
REPLACE INTO `iot_db_system`.`lang_info` (`id`, `lang_type`, `lang_key`, `lang_value`, `create_by`, `create_time`, `update_by`, `update_time`, `is_deleted`) VALUES ('302', 'en_US', 'dict_item:nian', 'year', NULL, '2018-08-21 03:01:36', NULL, '2018-08-21 03:01:36', 'valid');
REPLACE INTO `iot_db_system`.`lang_info` (`id`, `lang_type`, `lang_key`, `lang_value`, `create_by`, `create_time`, `update_by`, `update_time`, `is_deleted`) VALUES ('303', 'zh_CN', 'dict_item:ge', '个', NULL, '2018-07-12 03:17:43', NULL, '2018-07-12 03:17:43', 'valid');
REPLACE INTO `iot_db_system`.`lang_info` (`id`, `lang_type`, `lang_key`, `lang_value`, `create_by`, `create_time`, `update_by`, `update_time`, `is_deleted`) VALUES ('304', 'en_US', 'dict_item:ge', '个-en', NULL, '2018-07-12 03:17:43', NULL, '2018-07-12 03:17:43', 'valid');
REPLACE INTO `iot_db_system`.`lang_info` (`id`, `lang_type`, `lang_key`, `lang_value`, `create_by`, `create_time`, `update_by`, `update_time`, `is_deleted`) VALUES ('305', 'zh_CN', 'dict_item:Event', 'Event', NULL, '2018-07-12 03:17:43', NULL, '2018-07-12 03:17:43', 'valid');
REPLACE INTO `iot_db_system`.`lang_info` (`id`, `lang_type`, `lang_key`, `lang_value`, `create_by`, `create_time`, `update_by`, `update_time`, `is_deleted`) VALUES ('306', 'en_US', 'dict_item:Event', 'Event', NULL, '2018-08-21 02:40:43', NULL, '2018-08-21 02:40:43', 'valid');
REPLACE INTO `iot_db_system`.`lang_info` (`id`, `lang_type`, `lang_key`, `lang_value`, `create_by`, `create_time`, `update_by`, `update_time`, `is_deleted`) VALUES ('307', 'zh_CN', 'dict_item:tian', '天', NULL, '2018-07-12 03:17:43', NULL, '2018-07-12 03:17:43', 'valid');
REPLACE INTO `iot_db_system`.`lang_info` (`id`, `lang_type`, `lang_key`, `lang_value`, `create_by`, `create_time`, `update_by`, `update_time`, `is_deleted`) VALUES ('308', 'en_US', 'dict_item:tian', 'day', NULL, '2018-08-21 03:01:36', NULL, '2018-08-21 03:01:36', 'valid');
REPLACE INTO `iot_db_system`.`lang_info` (`id`, `lang_type`, `lang_key`, `lang_value`, `create_by`, `create_time`, `update_by`, `update_time`, `is_deleted`) VALUES ('309', 'zh_CN', 'dict_item:luyingjihua', '录影计划', NULL, '2018-07-12 03:17:43', NULL, '2018-07-12 03:17:43', 'valid');
REPLACE INTO `iot_db_system`.`lang_info` (`id`, `lang_type`, `lang_key`, `lang_value`, `create_by`, `create_time`, `update_by`, `update_time`, `is_deleted`) VALUES ('310', 'en_US', 'dict_item:luyingjihua', 'recording plan', NULL, '2018-08-29 06:40:51', NULL, '2018-08-29 06:40:51', 'valid');
REPLACE INTO `iot_db_system`.`lang_info` (`id`, `lang_type`, `lang_key`, `lang_value`, `create_by`, `create_time`, `update_by`, `update_time`, `is_deleted`) VALUES ('311', 'zh_CN', 'dict_item:UUIDfangan', 'UUID方案', NULL, '2018-07-12 03:17:44', NULL, '2018-07-12 03:17:44', 'valid');
REPLACE INTO `iot_db_system`.`lang_info` (`id`, `lang_type`, `lang_key`, `lang_value`, `create_by`, `create_time`, `update_by`, `update_time`, `is_deleted`) VALUES ('312', 'en_US', 'dict_item:UUIDfangan', 'UUID solution', NULL, '2018-08-29 06:40:51', NULL, '2018-08-29 06:40:51', 'valid');
REPLACE INTO `iot_db_system`.`lang_info` (`id`, `lang_type`, `lang_key`, `lang_value`, `create_by`, `create_time`, `update_by`, `update_time`, `is_deleted`) VALUES ('313', 'zh_CN', 'dict_item:APPdabao', 'APP打包', NULL, '2018-07-12 03:17:44', NULL, '2018-07-12 03:17:44', 'valid');
REPLACE INTO `iot_db_system`.`lang_info` (`id`, `lang_type`, `lang_key`, `lang_value`, `create_by`, `create_time`, `update_by`, `update_time`, `is_deleted`) VALUES ('314', 'en_US', 'dict_item:APPdabao', 'APP打包-en', NULL, '2018-07-12 03:17:44', NULL, '2018-07-12 03:17:44', 'valid');
REPLACE INTO `iot_db_system`.`lang_info` (`id`, `lang_type`, `lang_key`, `lang_value`, `create_by`, `create_time`, `update_by`, `update_time`, `is_deleted`) VALUES ('315', 'zh_CN', 'dict_item:yiguanbi', '已关闭', NULL, '2018-07-12 03:17:44', NULL, '2018-07-12 03:17:44', 'valid');
REPLACE INTO `iot_db_system`.`lang_info` (`id`, `lang_type`, `lang_key`, `lang_value`, `create_by`, `create_time`, `update_by`, `update_time`, `is_deleted`) VALUES ('316', 'en_US', 'dict_item:yiguanbi', 'closed', NULL, '2018-08-29 06:40:51', NULL, '2018-08-29 06:40:51', 'valid');
REPLACE INTO `iot_db_system`.`lang_info` (`id`, `lang_type`, `lang_key`, `lang_value`, `create_by`, `create_time`, `update_by`, `update_time`, `is_deleted`) VALUES ('317', 'zh_CN', 'dict_item:daifukuan', '待付款', NULL, '2018-07-12 03:17:44', NULL, '2018-07-12 03:17:44', 'valid');
REPLACE INTO `iot_db_system`.`lang_info` (`id`, `lang_type`, `lang_key`, `lang_value`, `create_by`, `create_time`, `update_by`, `update_time`, `is_deleted`) VALUES ('318', 'en_US', 'dict_item:daifukuan', 'non-payment', NULL, '2018-08-21 03:01:36', NULL, '2018-08-21 03:01:36', 'valid');
REPLACE INTO `iot_db_system`.`lang_info` (`id`, `lang_type`, `lang_key`, `lang_value`, `create_by`, `create_time`, `update_by`, `update_time`, `is_deleted`) VALUES ('319', 'zh_CN', 'dict_item:fukuanshibai', '付款失败', NULL, '2018-07-12 03:17:44', NULL, '2018-07-12 03:17:44', 'valid');
REPLACE INTO `iot_db_system`.`lang_info` (`id`, `lang_type`, `lang_key`, `lang_value`, `create_by`, `create_time`, `update_by`, `update_time`, `is_deleted`) VALUES ('320', 'en_US', 'dict_item:fukuanshibai', 'payment failed', NULL, '2018-08-29 06:40:51', NULL, '2018-08-29 06:40:51', 'valid');
REPLACE INTO `iot_db_system`.`lang_info` (`id`, `lang_type`, `lang_key`, `lang_value`, `create_by`, `create_time`, `update_by`, `update_time`, `is_deleted`) VALUES ('321', 'zh_CN', 'dict_item:fukuanchenggong', '付款成功', NULL, '2018-07-12 03:17:44', NULL, '2018-07-12 03:17:44', 'valid');
REPLACE INTO `iot_db_system`.`lang_info` (`id`, `lang_type`, `lang_key`, `lang_value`, `create_by`, `create_time`, `update_by`, `update_time`, `is_deleted`) VALUES ('322', 'en_US', 'dict_item:fukuanchenggong', 'successful payment', NULL, '2018-08-29 06:40:51', NULL, '2018-08-29 06:40:51', 'valid');
REPLACE INTO `iot_db_system`.`lang_info` (`id`, `lang_type`, `lang_key`, `lang_value`, `create_by`, `create_time`, `update_by`, `update_time`, `is_deleted`) VALUES ('323', 'zh_CN', 'dict_item:tuikuanzhong', '退款中', NULL, '2018-07-12 03:17:45', NULL, '2018-07-12 03:17:45', 'valid');
REPLACE INTO `iot_db_system`.`lang_info` (`id`, `lang_type`, `lang_key`, `lang_value`, `create_by`, `create_time`, `update_by`, `update_time`, `is_deleted`) VALUES ('324', 'en_US', 'dict_item:tuikuanzhong', 'refunding', NULL, '2018-08-29 06:40:51', NULL, '2018-08-29 06:40:51', 'valid');
REPLACE INTO `iot_db_system`.`lang_info` (`id`, `lang_type`, `lang_key`, `lang_value`, `create_by`, `create_time`, `update_by`, `update_time`, `is_deleted`) VALUES ('325', 'zh_CN', 'dict_item:tuikuanchenggong', '退款成功', NULL, '2018-07-12 03:17:45', NULL, '2018-07-12 03:17:45', 'valid');
REPLACE INTO `iot_db_system`.`lang_info` (`id`, `lang_type`, `lang_key`, `lang_value`, `create_by`, `create_time`, `update_by`, `update_time`, `is_deleted`) VALUES ('326', 'en_US', 'dict_item:tuikuanchenggong', 'successful refund', NULL, '2018-08-29 06:40:51', NULL, '2018-08-29 06:40:51', 'valid');
REPLACE INTO `iot_db_system`.`lang_info` (`id`, `lang_type`, `lang_key`, `lang_value`, `create_by`, `create_time`, `update_by`, `update_time`, `is_deleted`) VALUES ('327', 'zh_CN', 'dict_item:tuikuanshibai', '退款失败', NULL, '2018-07-12 03:17:45', NULL, '2018-07-12 03:17:45', 'valid');
REPLACE INTO `iot_db_system`.`lang_info` (`id`, `lang_type`, `lang_key`, `lang_value`, `create_by`, `create_time`, `update_by`, `update_time`, `is_deleted`) VALUES ('328', 'en_US', 'dict_item:tuikuanshibai', 'refund failed', NULL, '2018-08-29 06:40:51', NULL, '2018-08-29 06:40:51', 'valid');
REPLACE INTO `iot_db_system`.`lang_info` (`id`, `lang_type`, `lang_key`, `lang_value`, `create_by`, `create_time`, `update_by`, `update_time`, `is_deleted`) VALUES ('329', 'zh_CN', 'dict_item:quanshiluying', '全时录影', NULL, '2018-08-29 06:28:04', NULL, '2018-08-29 06:28:04', 'valid');
REPLACE INTO `iot_db_system`.`lang_info` (`id`, `lang_type`, `lang_key`, `lang_value`, `create_by`, `create_time`, `update_by`, `update_time`, `is_deleted`) VALUES ('330', 'en_US', 'dict_item:quanshiluying', 'full time recording ', NULL, '2018-08-29 06:28:42', NULL, '2018-08-29 06:28:42', 'valid');
REPLACE INTO `iot_db_system`.`lang_info` (`id`, `lang_type`, `lang_key`, `lang_value`, `create_by`, `create_time`, `update_by`, `update_time`, `is_deleted`) VALUES ('331', 'zh_CN', 'dict_item:shijianluying', '事件录影', NULL, '2018-07-12 03:17:46', NULL, '2018-07-12 03:17:46', 'valid');
REPLACE INTO `iot_db_system`.`lang_info` (`id`, `lang_type`, `lang_key`, `lang_value`, `create_by`, `create_time`, `update_by`, `update_time`, `is_deleted`) VALUES ('332', 'en_US', 'dict_item:shijianluying', 'event recording', NULL, '2018-08-29 06:40:51', NULL, '2018-08-29 06:40:51', 'valid');
REPLACE INTO `iot_db_system`.`lang_info` (`id`, `lang_type`, `lang_key`, `lang_value`, `create_by`, `create_time`, `update_by`, `update_time`, `is_deleted`) VALUES ('333', 'zh_CN', 'dict_item:uuidfangan', 'uuid方案', NULL, '2018-07-12 03:17:46', NULL, '2018-07-12 03:17:46', 'valid');
REPLACE INTO `iot_db_system`.`lang_info` (`id`, `lang_type`, `lang_key`, `lang_value`, `create_by`, `create_time`, `update_by`, `update_time`, `is_deleted`) VALUES ('334', 'en_US', 'dict_item:uuidfangan', 'UUID solution', NULL, '2018-08-29 06:40:51', NULL, '2018-08-29 06:40:51', 'valid');
REPLACE INTO `iot_db_system`.`lang_info` (`id`, `lang_type`, `lang_key`, `lang_value`, `create_by`, `create_time`, `update_by`, `update_time`, `is_deleted`) VALUES ('335', 'zh_CN', 'dict_item:APPdabao', 'APP打包', NULL, '2018-07-12 03:17:46', NULL, '2018-07-12 03:17:46', 'valid');
REPLACE INTO `iot_db_system`.`lang_info` (`id`, `lang_type`, `lang_key`, `lang_value`, `create_by`, `create_time`, `update_by`, `update_time`, `is_deleted`) VALUES ('336', 'en_US', 'dict_item:APPdabao', 'APP打包-en', NULL, '2018-07-12 03:17:47', NULL, '2018-07-12 03:17:47', 'valid');
REPLACE INTO `iot_db_system`.`lang_info` (`id`, `lang_type`, `lang_key`, `lang_value`, `create_by`, `create_time`, `update_by`, `update_time`, `is_deleted`) VALUES ('337', 'zh_CN', 'dict_item:daichuli', '待处理', NULL, '2018-07-12 03:17:47', NULL, '2018-07-12 03:17:47', 'valid');
REPLACE INTO `iot_db_system`.`lang_info` (`id`, `lang_type`, `lang_key`, `lang_value`, `create_by`, `create_time`, `update_by`, `update_time`, `is_deleted`) VALUES ('338', 'en_US', 'dict_item:daichuli', 'pending', NULL, '2018-08-29 06:40:51', NULL, '2018-08-29 06:40:51', 'valid');
REPLACE INTO `iot_db_system`.`lang_info` (`id`, `lang_type`, `lang_key`, `lang_value`, `create_by`, `create_time`, `update_by`, `update_time`, `is_deleted`) VALUES ('339', 'zh_CN', 'dict_item:chulizhong', '处理中', NULL, '2018-07-12 03:17:47', NULL, '2018-07-12 03:17:47', 'valid');
REPLACE INTO `iot_db_system`.`lang_info` (`id`, `lang_type`, `lang_key`, `lang_value`, `create_by`, `create_time`, `update_by`, `update_time`, `is_deleted`) VALUES ('340', 'en_US', 'dict_item:chulizhong', 'Processing', NULL, '2018-08-21 03:01:36', NULL, '2018-08-21 03:01:36', 'valid');
REPLACE INTO `iot_db_system`.`lang_info` (`id`, `lang_type`, `lang_key`, `lang_value`, `create_by`, `create_time`, `update_by`, `update_time`, `is_deleted`) VALUES ('341', 'zh_CN', 'dict_item:yiwancheng', '已完成', NULL, '2018-07-12 03:17:47', NULL, '2018-07-12 03:17:47', 'valid');
REPLACE INTO `iot_db_system`.`lang_info` (`id`, `lang_type`, `lang_key`, `lang_value`, `create_by`, `create_time`, `update_by`, `update_time`, `is_deleted`) VALUES ('342', 'en_US', 'dict_item:yiwancheng', 'Finished', NULL, '2018-08-21 03:01:36', NULL, '2018-08-21 03:01:36', 'valid');
REPLACE INTO `iot_db_system`.`lang_info` (`id`, `lang_type`, `lang_key`, `lang_value`, `create_by`, `create_time`, `update_by`, `update_time`, `is_deleted`) VALUES ('343', 'zh_CN', 'dict_item:shengchengshibai', '生成失败', NULL, '2018-07-12 03:17:47', NULL, '2018-07-12 03:17:47', 'valid');
REPLACE INTO `iot_db_system`.`lang_info` (`id`, `lang_type`, `lang_key`, `lang_value`, `create_by`, `create_time`, `update_by`, `update_time`, `is_deleted`) VALUES ('344', 'en_US', 'dict_item:shengchengshibai', 'Failed', NULL, '2018-08-21 03:01:36', NULL, '2018-08-21 03:01:36', 'valid');
REPLACE INTO `iot_db_system`.`lang_info` (`id`, `lang_type`, `lang_key`, `lang_value`, `create_by`, `create_time`, `update_by`, `update_time`, `is_deleted`) VALUES ('345', 'zh_CN', 'dict_item:P2PIDbuzu', 'P2PID不足', NULL, '2018-07-12 03:17:48', NULL, '2018-07-12 03:17:48', 'valid');
REPLACE INTO `iot_db_system`.`lang_info` (`id`, `lang_type`, `lang_key`, `lang_value`, `create_by`, `create_time`, `update_by`, `update_time`, `is_deleted`) VALUES ('346', 'en_US', 'dict_item:P2PIDbuzu', 'P2PID Inadequate', NULL, '2018-08-21 03:01:36', NULL, '2018-08-21 03:01:36', 'valid');
REPLACE INTO `iot_db_system`.`lang_info` (`id`, `lang_type`, `lang_key`, `lang_value`, `create_by`, `create_time`, `update_by`, `update_time`, `is_deleted`) VALUES ('347', 'zh_CN', 'dict_item:weijihuo', '未激活', NULL, '2018-07-12 03:17:48', NULL, '2018-07-12 03:17:48', 'valid');
REPLACE INTO `iot_db_system`.`lang_info` (`id`, `lang_type`, `lang_key`, `lang_value`, `create_by`, `create_time`, `update_by`, `update_time`, `is_deleted`) VALUES ('348', 'en_US', 'dict_item:weijihuo', 'Unactivated', NULL, '2018-08-21 03:01:36', NULL, '2018-08-21 03:01:36', 'valid');
REPLACE INTO `iot_db_system`.`lang_info` (`id`, `lang_type`, `lang_key`, `lang_value`, `create_by`, `create_time`, `update_by`, `update_time`, `is_deleted`) VALUES ('349', 'zh_CN', 'dict_item:yijihuo', '已激活', NULL, '2018-07-12 03:17:48', NULL, '2018-07-12 03:17:48', 'valid');
REPLACE INTO `iot_db_system`.`lang_info` (`id`, `lang_type`, `lang_key`, `lang_value`, `create_by`, `create_time`, `update_by`, `update_time`, `is_deleted`) VALUES ('350', 'en_US', 'dict_item:yijihuo', 'Activated', NULL, '2018-08-21 03:01:36', NULL, '2018-08-21 03:01:36', 'valid');
REPLACE INTO `iot_db_system`.`lang_info` (`id`, `lang_type`, `lang_key`, `lang_value`, `create_by`, `create_time`, `update_by`, `update_time`, `is_deleted`) VALUES ('351', 'zh_CN', 'dict_item:daifukuan', '待付款', NULL, '2018-07-12 03:17:48', NULL, '2018-07-12 03:17:48', 'valid');
REPLACE INTO `iot_db_system`.`lang_info` (`id`, `lang_type`, `lang_key`, `lang_value`, `create_by`, `create_time`, `update_by`, `update_time`, `is_deleted`) VALUES ('352', 'en_US', 'dict_item:daifukuan', 'non-payment', NULL, '2018-08-21 03:01:36', NULL, '2018-08-21 03:01:36', 'valid');
REPLACE INTO `iot_db_system`.`lang_info` (`id`, `lang_type`, `lang_key`, `lang_value`, `create_by`, `create_time`, `update_by`, `update_time`, `is_deleted`) VALUES ('353', 'zh_CN', 'dict_item:yifukuan', '已付款', NULL, '2018-07-12 03:17:48', NULL, '2018-07-12 03:17:48', 'valid');
REPLACE INTO `iot_db_system`.`lang_info` (`id`, `lang_type`, `lang_key`, `lang_value`, `create_by`, `create_time`, `update_by`, `update_time`, `is_deleted`) VALUES ('354', 'en_US', 'dict_item:yifukuan', 'already paid', NULL, '2018-08-29 06:40:52', NULL, '2018-08-29 06:40:52', 'valid');
REPLACE INTO `iot_db_system`.`lang_info` (`id`, `lang_type`, `lang_key`, `lang_value`, `create_by`, `create_time`, `update_by`, `update_time`, `is_deleted`) VALUES ('355', 'en_US', 'goods:1000shijianluying', '1000Event/Mon', NULL, '2018-08-30 08:06:29', NULL, '2018-08-30 08:06:29', 'valid');
REPLACE INTO `iot_db_system`.`lang_info` (`id`, `lang_type`, `lang_key`, `lang_value`, `create_by`, `create_time`, `update_by`, `update_time`, `is_deleted`) VALUES ('356', 'zh_CN', 'goods:1000shijianluying', '1000事件录影', NULL, '2018-08-29 06:43:13', NULL, '2018-08-29 06:43:13', 'valid');
REPLACE INTO `iot_db_system`.`lang_info` (`id`, `lang_type`, `lang_key`, `lang_value`, `create_by`, `create_time`, `update_by`, `update_time`, `is_deleted`) VALUES ('357', 'en_US', 'role:name:2B-Owner', 'Owner', NULL, '2018-07-17 12:38:10', NULL, '2018-07-17 12:38:10', 'valid');
REPLACE INTO `iot_db_system`.`lang_info` (`id`, `lang_type`, `lang_key`, `lang_value`, `create_by`, `create_time`, `update_by`, `update_time`, `is_deleted`) VALUES ('358', 'zh_CN', 'role:name:2B-Owner', '拥有者', NULL, '2018-07-12 03:17:48', NULL, '2018-07-12 03:17:48', 'valid');
REPLACE INTO `iot_db_system`.`lang_info` (`id`, `lang_type`, `lang_key`, `lang_value`, `create_by`, `create_time`, `update_by`, `update_time`, `is_deleted`) VALUES ('359', 'en_US', 'role:desc:2B-Owner', 'Owner', NULL, '2018-07-12 03:17:48', NULL, '2018-07-12 03:17:48', 'valid');
REPLACE INTO `iot_db_system`.`lang_info` (`id`, `lang_type`, `lang_key`, `lang_value`, `create_by`, `create_time`, `update_by`, `update_time`, `is_deleted`) VALUES ('360', 'zh_CN', 'role:desc:2B-Owner', '拥有者', NULL, '2018-07-12 03:17:48', NULL, '2018-07-12 03:17:48', 'valid');
REPLACE INTO `iot_db_system`.`lang_info` (`id`, `lang_type`, `lang_key`, `lang_value`, `create_by`, `create_time`, `update_by`, `update_time`, `is_deleted`) VALUES ('361', 'en_US', 'role:name:2B-Manager', 'Manager', NULL, '2018-07-12 03:17:48', NULL, '2018-07-12 03:17:48', 'valid');
REPLACE INTO `iot_db_system`.`lang_info` (`id`, `lang_type`, `lang_key`, `lang_value`, `create_by`, `create_time`, `update_by`, `update_time`, `is_deleted`) VALUES ('362', 'zh_CN', 'role:name:2B-Manager', '管理者', NULL, '2018-07-12 03:17:48', NULL, '2018-07-12 03:17:48', 'valid');
REPLACE INTO `iot_db_system`.`lang_info` (`id`, `lang_type`, `lang_key`, `lang_value`, `create_by`, `create_time`, `update_by`, `update_time`, `is_deleted`) VALUES ('363', 'en_US', 'role:desc:2B-Manager', 'Manager', NULL, '2018-07-12 03:17:48', NULL, '2018-07-12 03:17:48', 'valid');
REPLACE INTO `iot_db_system`.`lang_info` (`id`, `lang_type`, `lang_key`, `lang_value`, `create_by`, `create_time`, `update_by`, `update_time`, `is_deleted`) VALUES ('364', 'zh_CN', 'role:desc:2B-Manager', '管理者', NULL, '2018-07-12 03:17:48', NULL, '2018-07-12 03:17:48', 'valid');
REPLACE INTO `iot_db_system`.`lang_info` (`id`, `lang_type`, `lang_key`, `lang_value`, `create_by`, `create_time`, `update_by`, `update_time`, `is_deleted`) VALUES ('365', 'en_US', 'role:name:2B-ProductManager', 'ProductManager', NULL, '2018-07-12 03:17:48', NULL, '2018-07-12 03:17:48', 'valid');
REPLACE INTO `iot_db_system`.`lang_info` (`id`, `lang_type`, `lang_key`, `lang_value`, `create_by`, `create_time`, `update_by`, `update_time`, `is_deleted`) VALUES ('366', 'zh_CN', 'role:name:2B-ProductManager', '产品经理', NULL, '2018-07-12 03:17:48', NULL, '2018-07-12 03:17:48', 'valid');
REPLACE INTO `iot_db_system`.`lang_info` (`id`, `lang_type`, `lang_key`, `lang_value`, `create_by`, `create_time`, `update_by`, `update_time`, `is_deleted`) VALUES ('367', 'en_US', 'role:desc:2B-ProductManager', 'ProductManager', NULL, '2018-07-12 03:17:48', NULL, '2018-07-12 03:17:48', 'valid');
REPLACE INTO `iot_db_system`.`lang_info` (`id`, `lang_type`, `lang_key`, `lang_value`, `create_by`, `create_time`, `update_by`, `update_time`, `is_deleted`) VALUES ('368', 'zh_CN', 'role:desc:2B-ProductManager', '产品经理', NULL, '2018-07-12 03:17:48', NULL, '2018-07-12 03:17:48', 'valid');
REPLACE INTO `iot_db_system`.`lang_info` (`id`, `lang_type`, `lang_key`, `lang_value`, `create_by`, `create_time`, `update_by`, `update_time`, `is_deleted`) VALUES ('369', 'en_US', 'role:name:2B-APPDeveloper', 'APPDeveloper', NULL, '2018-07-12 03:17:48', NULL, '2018-07-12 03:17:48', 'valid');
REPLACE INTO `iot_db_system`.`lang_info` (`id`, `lang_type`, `lang_key`, `lang_value`, `create_by`, `create_time`, `update_by`, `update_time`, `is_deleted`) VALUES ('370', 'zh_CN', 'role:name:2B-APPDeveloper', 'APP开发人员', NULL, '2018-07-12 03:17:48', NULL, '2018-07-12 03:17:48', 'valid');
REPLACE INTO `iot_db_system`.`lang_info` (`id`, `lang_type`, `lang_key`, `lang_value`, `create_by`, `create_time`, `update_by`, `update_time`, `is_deleted`) VALUES ('371', 'en_US', 'role:desc:2B-APPDeveloper', 'APPDeveloper', NULL, '2018-07-12 03:17:48', NULL, '2018-07-12 03:17:48', 'valid');
REPLACE INTO `iot_db_system`.`lang_info` (`id`, `lang_type`, `lang_key`, `lang_value`, `create_by`, `create_time`, `update_by`, `update_time`, `is_deleted`) VALUES ('372', 'zh_CN', 'role:desc:2B-APPDeveloper', 'APP开发人员', NULL, '2018-07-12 03:17:48', NULL, '2018-07-12 03:17:48', 'valid');
REPLACE INTO `iot_db_system`.`lang_info` (`id`, `lang_type`, `lang_key`, `lang_value`, `create_by`, `create_time`, `update_by`, `update_time`, `is_deleted`) VALUES ('373', 'en_US', 'role:name:2B-EmbeddedDeveloper', 'EmbeddedDeveloper', NULL, '2018-07-12 03:17:48', NULL, '2018-07-12 03:17:48', 'valid');
REPLACE INTO `iot_db_system`.`lang_info` (`id`, `lang_type`, `lang_key`, `lang_value`, `create_by`, `create_time`, `update_by`, `update_time`, `is_deleted`) VALUES ('374', 'zh_CN', 'role:name:2B-EmbeddedDeveloper', '嵌入式开发人员', NULL, '2018-07-12 03:17:48', NULL, '2018-07-12 03:17:48', 'valid');
REPLACE INTO `iot_db_system`.`lang_info` (`id`, `lang_type`, `lang_key`, `lang_value`, `create_by`, `create_time`, `update_by`, `update_time`, `is_deleted`) VALUES ('375', 'en_US', 'role:desc:2B-EmbeddedDeveloper', 'EmbeddedDeveloper', NULL, '2018-07-12 03:17:48', NULL, '2018-07-12 03:17:48', 'valid');
REPLACE INTO `iot_db_system`.`lang_info` (`id`, `lang_type`, `lang_key`, `lang_value`, `create_by`, `create_time`, `update_by`, `update_time`, `is_deleted`) VALUES ('376', 'zh_CN', 'role:desc:2B-EmbeddedDeveloper', '嵌入式开发人员', NULL, '2018-07-12 03:17:48', NULL, '2018-07-12 03:17:48', 'valid');
REPLACE INTO `iot_db_system`.`lang_info` (`id`, `lang_type`, `lang_key`, `lang_value`, `create_by`, `create_time`, `update_by`, `update_time`, `is_deleted`) VALUES ('377', 'en_US', 'role:name:2B-Tester', 'Tester', NULL, '2018-07-12 03:17:48', NULL, '2018-07-12 03:17:48', 'valid');
REPLACE INTO `iot_db_system`.`lang_info` (`id`, `lang_type`, `lang_key`, `lang_value`, `create_by`, `create_time`, `update_by`, `update_time`, `is_deleted`) VALUES ('378', 'zh_CN', 'role:name:2B-Tester', '测试人员', NULL, '2018-07-12 03:17:48', NULL, '2018-07-12 03:17:48', 'valid');
REPLACE INTO `iot_db_system`.`lang_info` (`id`, `lang_type`, `lang_key`, `lang_value`, `create_by`, `create_time`, `update_by`, `update_time`, `is_deleted`) VALUES ('379', 'en_US', 'role:desc:2B-Tester', 'Tester', NULL, '2018-07-12 03:17:48', NULL, '2018-07-12 03:17:48', 'valid');
REPLACE INTO `iot_db_system`.`lang_info` (`id`, `lang_type`, `lang_key`, `lang_value`, `create_by`, `create_time`, `update_by`, `update_time`, `is_deleted`) VALUES ('380', 'zh_CN', 'role:desc:2B-Tester', '测试人员', NULL, '2018-07-12 03:17:48', NULL, '2018-07-12 03:17:48', 'valid');
REPLACE INTO `iot_db_system`.`lang_info` (`id`, `lang_type`, `lang_key`, `lang_value`, `create_by`, `create_time`, `update_by`, `update_time`, `is_deleted`) VALUES ('381', 'en_US', 'role:name:2B-Operator', 'Operator', NULL, '2018-07-12 03:17:48', NULL, '2018-07-12 03:17:48', 'valid');
REPLACE INTO `iot_db_system`.`lang_info` (`id`, `lang_type`, `lang_key`, `lang_value`, `create_by`, `create_time`, `update_by`, `update_time`, `is_deleted`) VALUES ('382', 'zh_CN', 'role:name:2B-Operator', '运营人员', NULL, '2018-07-12 03:17:48', NULL, '2018-07-12 03:17:48', 'valid');
REPLACE INTO `iot_db_system`.`lang_info` (`id`, `lang_type`, `lang_key`, `lang_value`, `create_by`, `create_time`, `update_by`, `update_time`, `is_deleted`) VALUES ('383', 'en_US', 'role:desc:2B-Operator', 'Operator', NULL, '2018-07-12 03:17:48', NULL, '2018-07-12 03:17:48', 'valid');
REPLACE INTO `iot_db_system`.`lang_info` (`id`, `lang_type`, `lang_key`, `lang_value`, `create_by`, `create_time`, `update_by`, `update_time`, `is_deleted`) VALUES ('384', 'zh_CN', 'role:desc:2B-Operator', '运营人员', NULL, '2018-07-12 03:17:48', NULL, '2018-07-12 03:17:48', 'valid');
REPLACE INTO `iot_db_system`.`lang_info` (`id`, `lang_type`, `lang_key`, `lang_value`, `create_by`, `create_time`, `update_by`, `update_time`, `is_deleted`) VALUES ('385', 'en_US', 'role:name:2B-DataQueryer', 'DataQueryer', NULL, '2018-07-12 03:17:48', NULL, '2018-07-12 03:17:48', 'valid');
REPLACE INTO `iot_db_system`.`lang_info` (`id`, `lang_type`, `lang_key`, `lang_value`, `create_by`, `create_time`, `update_by`, `update_time`, `is_deleted`) VALUES ('386', 'zh_CN', 'role:name:2B-DataQueryer', '数据查询人员', NULL, '2018-07-12 03:17:48', NULL, '2018-07-12 03:17:48', 'valid');
REPLACE INTO `iot_db_system`.`lang_info` (`id`, `lang_type`, `lang_key`, `lang_value`, `create_by`, `create_time`, `update_by`, `update_time`, `is_deleted`) VALUES ('387', 'en_US', 'role:desc:2B-DataQueryer', 'DataQueryer', NULL, '2018-07-12 03:17:48', NULL, '2018-07-12 03:17:48', 'valid');
REPLACE INTO `iot_db_system`.`lang_info` (`id`, `lang_type`, `lang_key`, `lang_value`, `create_by`, `create_time`, `update_by`, `update_time`, `is_deleted`) VALUES ('388', 'zh_CN', 'role:desc:2B-DataQueryer', '数据查询人员', NULL, '2018-07-12 03:17:48', NULL, '2018-07-12 03:17:48', 'valid');
REPLACE INTO `iot_db_system`.`lang_info` (`id`, `lang_type`, `lang_key`, `lang_value`, `create_by`, `create_time`, `update_by`, `update_time`, `is_deleted`) VALUES ('399', 'en_US', 'ota:otaguanli', 'OTA Management', NULL, '2018-08-29 06:44:19', NULL, '2018-08-29 06:44:19', 'valid');
REPLACE INTO `iot_db_system`.`lang_info` (`id`, `lang_type`, `lang_key`, `lang_value`, `create_by`, `create_time`, `update_by`, `update_time`, `is_deleted`) VALUES ('400', 'zh_CN', 'ota:otaguanli', 'OTA管理', NULL, '2018-07-24 08:28:00', NULL, '2018-07-24 08:28:00', 'valid');
REPLACE INTO `iot_db_system`.`lang_info` (`id`, `lang_type`, `lang_key`, `lang_value`, `create_by`, `create_time`, `update_by`, `update_time`, `is_deleted`) VALUES ('401', 'en_US', 'ota:shengjijihua', 'upgrade plan', NULL, '2018-08-29 06:45:27', NULL, '2018-08-29 06:45:27', 'valid');
REPLACE INTO `iot_db_system`.`lang_info` (`id`, `lang_type`, `lang_key`, `lang_value`, `create_by`, `create_time`, `update_by`, `update_time`, `is_deleted`) VALUES ('402', 'zh_CN', 'ota:shengjijihua', '升级计划', NULL, '2018-07-24 08:28:06', NULL, '2018-07-24 08:28:06', 'valid');
REPLACE INTO `iot_db_system`.`lang_info` (`id`, `lang_type`, `lang_key`, `lang_value`, `create_by`, `create_time`, `update_by`, `update_time`, `is_deleted`) VALUES ('403', 'en_US', 'ota:banbenguanli', 'version management', NULL, '2018-08-29 06:45:27', NULL, '2018-08-29 06:45:27', 'valid');
REPLACE INTO `iot_db_system`.`lang_info` (`id`, `lang_type`, `lang_key`, `lang_value`, `create_by`, `create_time`, `update_by`, `update_time`, `is_deleted`) VALUES ('404', 'zh_CN', 'ota:banbenguanli', '版本管理', NULL, '2018-07-24 08:28:12', NULL, '2018-07-24 08:28:12', 'valid');
REPLACE INTO `iot_db_system`.`lang_info` (`id`, `lang_type`, `lang_key`, `lang_value`, `create_by`, `create_time`, `update_by`, `update_time`, `is_deleted`) VALUES ('405', 'en_US', 'ota:lishishengjibaogao', 'historical upgrade report', NULL, '2018-08-29 06:45:27', NULL, '2018-08-29 06:45:27', 'valid');
REPLACE INTO `iot_db_system`.`lang_info` (`id`, `lang_type`, `lang_key`, `lang_value`, `create_by`, `create_time`, `update_by`, `update_time`, `is_deleted`) VALUES ('406', 'zh_CN', 'ota:lishishengjibaogao', '历史升级报告', NULL, '2018-07-24 08:27:54', NULL, '2018-07-24 08:27:54', 'valid');
REPLACE INTO `iot_db_system`.`lang_info` (`id`, `lang_type`, `lang_key`, `lang_value`, `create_by`, `create_time`, `update_by`, `update_time`, `is_deleted`) VALUES ('407', 'zh_CN', 'ota:chenggongrizhi', '成功日志', NULL, '2018-07-24 08:32:51', NULL, '2018-07-24 08:32:51', 'valid');
REPLACE INTO `iot_db_system`.`lang_info` (`id`, `lang_type`, `lang_key`, `lang_value`, `create_by`, `create_time`, `update_by`, `update_time`, `is_deleted`) VALUES ('408', 'en_US', 'ota:chenggongrizhi', 'successes log', NULL, '2018-08-29 06:45:27', NULL, '2018-08-29 06:45:27', 'valid');
REPLACE INTO `iot_db_system`.`lang_info` (`id`, `lang_type`, `lang_key`, `lang_value`, `create_by`, `create_time`, `update_by`, `update_time`, `is_deleted`) VALUES ('409', 'zh_CN', 'ota:shibairizhi', '失败日志', NULL, '2018-07-24 16:34:38', NULL, '2018-07-24 08:33:50', 'valid');
REPLACE INTO `iot_db_system`.`lang_info` (`id`, `lang_type`, `lang_key`, `lang_value`, `create_by`, `create_time`, `update_by`, `update_time`, `is_deleted`) VALUES ('410', 'en_US', 'ota:shibairizhi', 'failures log', NULL, '2018-08-29 06:45:27', NULL, '2018-08-29 06:45:27', 'valid');
REPLACE INTO `iot_db_system`.`lang_info` (`id`, `lang_type`, `lang_key`, `lang_value`, `create_by`, `create_time`, `update_by`, `update_time`, `is_deleted`) VALUES ('411', 'en_US', 'dict_item:zhengbaoshengji', 'whole package upgrade', NULL, '2018-08-29 06:45:27', NULL, '2018-08-29 06:45:27', 'valid');
REPLACE INTO `iot_db_system`.`lang_info` (`id`, `lang_type`, `lang_key`, `lang_value`, `create_by`, `create_time`, `update_by`, `update_time`, `is_deleted`) VALUES ('412', 'zh_CN', 'dict_item:zhengbaoshengji', '整包升级', NULL, '2018-07-25 08:18:24', NULL, '2018-07-25 08:18:24', 'valid');
REPLACE INTO `iot_db_system`.`lang_info` (`id`, `lang_type`, `lang_key`, `lang_value`, `create_by`, `create_time`, `update_by`, `update_time`, `is_deleted`) VALUES ('413', 'en_US', 'dict_item:dict_item:chafenshengji', 'differential upgrade', NULL, '2018-08-29 06:45:27', NULL, '2018-08-29 06:45:27', 'valid');
REPLACE INTO `iot_db_system`.`lang_info` (`id`, `lang_type`, `lang_key`, `lang_value`, `create_by`, `create_time`, `update_by`, `update_time`, `is_deleted`) VALUES ('414', 'zh_CN', 'dict_item:zhengbaoshengji', '差分升级', NULL, '2018-07-25 08:19:11', NULL, '2018-07-25 08:19:11', 'valid');
REPLACE INTO `iot_db_system`.`lang_info` (`id`, `lang_type`, `lang_key`, `lang_value`, `create_by`, `create_time`, `update_by`, `update_time`, `is_deleted`) VALUES ('415', 'en_US', 'email:appuserActivate', '<h3>Hello!</h3>\r\n<p>your recent requests for verification.If you want to complete this process, please enter the verification code below on the validation page.</p>\r\n<p>your verification code is:</p>\r\n<p>${activateCode}</p>\r\n<p>if you did not put forward this request, may be have an unauthorized user is trying to operate your account, you need to verify account information user platform.</p>\r\n<h3>Best Regards! </h3><br>\r\n<h3>Leedarson platform Team</h3>', '11003408', '2018-08-27 07:30:49', NULL, '2018-08-27 07:30:49', 'valid');
REPLACE INTO `iot_db_system`.`lang_info` (`id`, `lang_type`, `lang_key`, `lang_value`, `create_by`, `create_time`, `update_by`, `update_time`, `is_deleted`) VALUES ('416', 'zh_CN', 'email:appuserActivate', '<h3>您好!</h3>\r\n<p>您最近提出获取验证请求。若要完成此流程，请在验证页面输入下方验证码。</p>\r\n<p>您的验证码是：</p>\r\n<p>${activateCode}</p>\r\n<p>如果您没有提出此请求，则可能是有未经授权的用户正在试图操作您的账号，你需要用户平台验证账号信息。</p>\r\n<h3>此致!</h3><br>\r\n<h3>软件平台部  支持</h3>', '11003408', '2018-08-27 07:30:54', NULL, '2018-08-27 07:30:54', 'valid');
REPLACE INTO `iot_db_system`.`lang_info` (`id`, `lang_type`, `lang_key`, `lang_value`, `create_by`, `create_time`, `update_by`, `update_time`, `is_deleted`) VALUES ('417', 'en_US', 'email:adminResetPassword', '<h3>Hello!</h3>\r\n<p>your recent request to reset the account password.Password reset has been finished, please use the new password promptly change the password after login.</p>\r\n<p>the new password of your account is: </p>\r\n<p>${newPassword}</p>\r\n<p>if you did not put forward this request, may be have an unauthorized user is trying to access your account, you need to go to the administrator platform to verify account information.</p>\r\n<h3>Best Regards!</h3><br>\r\n<h3>Leedarson platform Team</h3>', '11003408', '2018-08-27 07:30:54', NULL, '2018-08-27 07:30:54', 'valid');
REPLACE INTO `iot_db_system`.`lang_info` (`id`, `lang_type`, `lang_key`, `lang_value`, `create_by`, `create_time`, `update_by`, `update_time`, `is_deleted`) VALUES ('418', 'zh_CN', 'email:adminResetPassword', '<h3>您好!</h3>\r\n<p>您最近提出重置账号密码的请求。密码已重置完成，请使用新密码登录后及时修改密码。</p>\r\n<p>您账号的新密码是：</p>\r\n<p>${newPassword}</p>\r\n<p>如果您没有提出此请求，则可能是有未经授权的用户正在试图访问您的账号，你需要前往管理员平台验证账号信息。</p>\r\n<h3>此致!</h3><br>\r\n<h3>软件平台部  支持</h3>', '11003408', '2018-08-27 07:30:54', NULL, '2018-08-27 07:30:54', 'valid');
REPLACE INTO `iot_db_system`.`lang_info` (`id`, `lang_type`, `lang_key`, `lang_value`, `create_by`, `create_time`, `update_by`, `update_time`, `is_deleted`) VALUES ('419', 'en_US', 'email:appuserShare', '<h3>Hello!</h3>\r\n<p>   ${appUserNickName}the request to you, invite you to join the ${appUserNickName} member of the family.</p>\r\n<span>if you agree to invite, please after receipt of the email within 15 minutes by clicking the link below:</span>\r\n<a href=${shareInfo}>${shareInfo}</a>\r\n<h3>Best Regards!</h3><br>\r\n<h3>Leedarson platform Team</h3>', '11003408', '2018-08-27 07:38:58', NULL, '2018-08-27 07:38:58', 'valid');
REPLACE INTO `iot_db_system`.`lang_info` (`id`, `lang_type`, `lang_key`, `lang_value`, `create_by`, `create_time`, `update_by`, `update_time`, `is_deleted`) VALUES ('420', 'zh_CN', 'email:appuserShare', '<h3>您好!</h3>\r\n<p>   ${appUserNickName}向你发出请求，邀请您加入${appUserNickName}的家庭成员。</p>\r\n<span>若您同意邀请，请在收到邮件15分钟内点下面的连接：</span>\r\n<a href=${shareInfo}>${shareInfo}</a>\r\n<h3>此致!</h3><br>\r\n<h3>软件平台部  支持</h3>', '11003408', '2018-08-27 07:39:07', NULL, '2018-08-27 07:39:07', 'valid');
REPLACE INTO `iot_db_system`.`lang_info` (`id`, `lang_type`, `lang_key`, `lang_value`, `create_by`, `create_time`, `update_by`, `update_time`, `is_deleted`) VALUES ('421', 'en_US', 'email:comedueplanComedueRemind', '<h3>Hello!</h3>\r\n<p>video recording plan name: ${planName}</p>\r\n<p>plan validity:${planStartTime}-${planEndTime}</p>\r\n<p>plan to binding equipment:${deviceName}</p>\r\n<p>plan details:${packageName}</p>\r\n<p>renew connections: </p>\r\n<a href=${renewalConcat}>${renewalConcat}</a>\r\n<p>note: please note that if the plan within 5 days after due for renewal, still we will close the recording plan, when all of your videos stored data will be cleared</p>\r\n<h3>Best Regards!</h3><br>\r\n<h3>Leedarson platform Team</h3>', '11003408', '2018-08-27 07:33:43', NULL, '2018-08-27 07:33:43', 'valid');
REPLACE INTO `iot_db_system`.`lang_info` (`id`, `lang_type`, `lang_key`, `lang_value`, `create_by`, `create_time`, `update_by`, `update_time`, `is_deleted`) VALUES ('422', 'zh_CN', 'email:comedueplanComedueRemind', '<h3>您好!</h3>\r\n<p>录影计划名称：${planName}</p>\r\n<p>计划有效期：${planStartTime}-${planEndTime}</p>\r\n<p>计划绑定设备：${deviceName}</p>\r\n<p>计划详情：${packageName}</p>\r\n<p>续费连接：</p>\r\n<a href=${renewalConcat}>${renewalConcat}</a>\r\n<p>注意事项：请注意若计划在到期后5天内仍为续费，我们会关闭这个计划，届时您的所有录影存储资料会被清空</p>\r\n<h3>此致!</h3><br>\r\n<h3>软件平台部  支持</h3>', '11003408', '2018-08-27 07:33:43', NULL, '2018-08-27 07:33:43', 'valid');
REPLACE INTO `iot_db_system`.`lang_info` (`id`, `lang_type`, `lang_key`, `lang_value`, `create_by`, `create_time`, `update_by`, `update_time`, `is_deleted`) VALUES ('423', 'en_US', 'email:customerActivate', '<h3>Hello!</h3>\r\n<span>your recent request to activate the account.If you agree to activate, please click on the links below:</span>\r\n<a href=${activateCode}>${activateCode}</a>\r\n<h3>Best Regards!</h3><br>\r\n<h3>Leedarson platform Team</h3>', '11003408', '2018-08-27 07:42:05', NULL, '2018-08-27 07:42:05', 'valid');
REPLACE INTO `iot_db_system`.`lang_info` (`id`, `lang_type`, `lang_key`, `lang_value`, `create_by`, `create_time`, `update_by`, `update_time`, `is_deleted`) VALUES ('424', 'zh_CN', 'email:customerActivate', '<h3>您好!</h3>\r\n<span>您最近提出激活账号的请求。若您同意激活，请点击下面的连接：</span>\r\n<a href=${activateCode}>${activateCode}</a>\r\n<h3>此致!</h3><br>\r\n<h3>软件平台部  支持</h3>', '11003408', '2018-08-27 07:42:05', NULL, '2018-08-27 07:42:05', 'valid');
REPLACE INTO `iot_db_system`.`lang_info` (`id`, `lang_type`, `lang_key`, `lang_value`, `create_by`, `create_time`, `update_by`, `update_time`, `is_deleted`) VALUES ('425', 'en_US', 'email:inperiodplanComedueRemind', '<h3>Hello!</h3>\r\n<p>video recording plan name:${planName}</p>\r\n<p>plan validity:${planStartTime}-${planEndTime}</p>\r\n<p>plan to binding equipment: ${deviceName}</p>\r\n<p>plan details:${packageName}</p>\r\n<p>renew connections:</p>\r\n<a href=${renewalConcat}>${renewalConcat}</a>\r\n<p>note: please note that if the plan within 5 days after due for renewal, still we will close the recording plan, when all of your videos stored data will be cleared</p>\r\n<h3>Best Regards!</h3><br>\r\n<h3>Leedarson platform Team</h3>', '11003408', '2018-08-27 07:42:06', NULL, '2018-08-27 07:42:06', 'valid');
REPLACE INTO `iot_db_system`.`lang_info` (`id`, `lang_type`, `lang_key`, `lang_value`, `create_by`, `create_time`, `update_by`, `update_time`, `is_deleted`) VALUES ('426', 'zh_CN', 'email:inperiodplanComedueRemind', '<h3>您好!</h3>\r\n<p>录影计划名称：${planName}</p>\r\n<p>计划有效期：${planStartTime}-${planEndTime}</p>\r\n<p>计划绑定设备：${deviceName}</p>\r\n<p>计划详情：${packageName}</p>\r\n<p>续费连接：</p>\r\n<a href=${renewalConcat}>${renewalConcat}</a>\r\n<p>注意事项：请注意若计划在到期后5天内仍为续费，我们会关闭这个计划，届时您的所有录影存储资料会被清空</p>\r\n<h3>此致!</h3><br>\r\n<h3>软件平台部  支持</h3>', '11003408', '2018-08-27 07:42:06', NULL, '2018-08-27 07:42:06', 'valid');
REPLACE INTO `iot_db_system`.`lang_info` (`id`, `lang_type`, `lang_key`, `lang_value`, `create_by`, `create_time`, `update_by`, `update_time`, `is_deleted`) VALUES ('427', 'en_US', 'email:outdateplanComedueRemind', '<h3>Hello!</h3>\r\n<p>video recording plan name:${planName}</p>\r\n<p>plan validity:${planStartTime}-${planEndTime}</p>\r\n<p>plan to binding equipment:${deviceName}</p>\r\n<p>plan details:${packageName}</p>\r\n<p>renew connections:</p>\r\n<a href=${renewalConcat}>${renewalConcat}</a>\r\n<p>note: please note that if the plan within 5 days after due for renewal, still we will close the recording plan, when all of your videos stored data will be cleared</p>\r\n<h3>Best Regards!</h3><br>\r\n<h3>Leedarson platform Team</h3>', '11003408', '2018-08-27 07:42:06', NULL, '2018-08-27 07:42:06', 'valid');
REPLACE INTO `iot_db_system`.`lang_info` (`id`, `lang_type`, `lang_key`, `lang_value`, `create_by`, `create_time`, `update_by`, `update_time`, `is_deleted`) VALUES ('428', 'zh_CN', 'email:outdateplanComedueRemind', '<h3>您好!</h3>\r\n<p>录影计划名称：${planName}</p>\r\n<p>计划有效期：${planStartTime}-${planEndTime}</p>\r\n<p>计划绑定设备：${deviceName}</p>\r\n<p>计划详情：${packageName}</p>\r\n<p>续费连接：</p>\r\n<a href=${renewalConcat}>${renewalConcat}</a>\r\n<p>注意事项：请注意若计划在到期后5天内仍为续费，我们会关闭这个计划，届时您的所有录影存储资料会被清空</p>\r\n<h3>此致!</h3><br>\r\n<h3>软件平台部  支持</h3>', '11003408', '2018-08-27 07:42:06', NULL, '2018-08-27 07:42:06', 'valid');
REPLACE INTO `iot_db_system`.`lang_info` (`id`, `lang_type`, `lang_key`, `lang_value`, `create_by`, `create_time`, `update_by`, `update_time`, `is_deleted`) VALUES ('429', 'en_US', 'email:payrefundAudit', '<h3>hello!</h3>\r\n<p>   at the request of the user, administrator ${adminName} to the order ${orderId} to apply for a refund, refund reason for users is: ${refundReason}.</p>\r\n<p>the order a refund amount is:${paidPrice}</p>\r\n<p>the order a refund amount is:${refundSum}</p>\r\n<p>please click on the link below to view the order details, and as soon as possible to deal with the order of the refund application.</p>\r\n<a href=${orderLink}>${orderLink}</a>\r\n<h3>Best Regards!</h3><br>\r\n<h3>Leedarson platform Team</h3>', '11003408', '2018-08-27 07:42:06', NULL, '2018-08-27 07:42:06', 'valid');
REPLACE INTO `iot_db_system`.`lang_info` (`id`, `lang_type`, `lang_key`, `lang_value`, `create_by`, `create_time`, `update_by`, `update_time`, `is_deleted`) VALUES ('430', 'zh_CN', 'email:payrefundAudit', '<h3>各位领导，您好：</h3>\r\n<p>   应用户要求，管理员${adminName}代为将订单${orderId}申请退款，用户的退款原因是：${refundReason}。</p>\r\n<p>订单付款金额为：${paidPrice}</p>\r\n<p>订单退款金额为：${refundSum}</p>\r\n<p>请点击下面的链接查看订单详情，并尽快处理该订单的退款申请</p>\r\n<a href=${orderLink}>${orderLink}</a>\r\n<h3>此致!</h3><br>\r\n<h3>软件平台部  支持</h3>', '11003408', '2018-08-27 07:42:06', NULL, '2018-08-27 07:42:06', 'valid');
REPLACE INTO `iot_db_system`.`lang_info` (`id`, `lang_type`, `lang_key`, `lang_value`, `create_by`, `create_time`, `update_by`, `update_time`, `is_deleted`) VALUES ('431', 'en_US', 'email:resetPassword', '<h3>Hello!</h3>\r\n<p>your recent request to reset the account password.Password reset has been finished, please use the new password promptly change the password after login.</p>\r\n<p>the new password of your account is:</p>\r\n<p>${newPassword}</p>\r\n<p>if you did not put forward this request, may be have an unauthorized user is trying to access your account, you need to verify account information user platform.</p>\r\n<h3>Best Regards!</h3><br>\r\n<h3>Leedarson platform Team</h3>', '11003408', '2018-08-27 07:42:06', NULL, '2018-08-27 07:42:06', 'valid');
REPLACE INTO `iot_db_system`.`lang_info` (`id`, `lang_type`, `lang_key`, `lang_value`, `create_by`, `create_time`, `update_by`, `update_time`, `is_deleted`) VALUES ('432', 'zh_CN', 'email:resetPassword', '<h3>您好!</h3>\r\n<p>您最近提出重置账号密码的请求。密码已重置完成，请使用新密码登录后及时修改密码。</p>\r\n<p>您账号的新密码是：</p>\r\n<p>${newPassword}</p>\r\n<p>如果您没有提出此请求，则可能是有未经授权的用户正在试图访问您的账号，你需要用户平台验证账号信息。</p>\r\n<h3>此致!</h3><br>\r\n<h3>软件平台部  支持</h3>', '11003408', '2018-08-27 07:42:06', NULL, '2018-08-27 07:42:06', 'valid');
REPLACE INTO `iot_db_system`.`lang_info` (`id`, `lang_type`, `lang_key`, `lang_value`, `create_by`, `create_time`, `update_by`, `update_time`, `is_deleted`) VALUES ('433', 'en_US', 'email:shareDevice', '<h3>Hello!</h3>\r\n<p>   ${userName} device share requests to you, if you agree to share, please accept device share page enter the confirmation code below.</p>\r\n<p>your share confirmation code is:</p>\r\n<p>${confirmCode}</p>\r\n<p>share the detailed information is as follows:</p>\r\n<p>${shareInfo}</p>\r\n<h3>Best Regards!</h3><br>\r\n<h3>Leedarson platform Team</h3>', '11003408', '2018-08-27 07:42:06', NULL, '2018-08-27 07:42:06', 'valid');
REPLACE INTO `iot_db_system`.`lang_info` (`id`, `lang_type`, `lang_key`, `lang_value`, `create_by`, `create_time`, `update_by`, `update_time`, `is_deleted`) VALUES ('434', 'zh_CN', 'email:shareDevice', '<h3>您好!</h3>\r\n<p>   ${userName}向你发出设备分享请求,若您同意分享，请在接受设备分享页面输入下方的确认码。</p>\r\n<p>您的分享确认码是：</p>\r\n<p>${confirmCode}</p>\r\n<p>本次分享的详细信息如下：</p>\r\n<p>${shareInfo}</p>\r\n<h3>此致!</h3><br>\r\n<h3>软件平台部  支持</h3>', '11003408', '2018-08-27 07:42:06', NULL, '2018-08-27 07:42:06', 'valid');
REPLACE INTO `iot_db_system`.`lang_info` (`id`, `lang_type`, `lang_key`, `lang_value`, `create_by`, `create_time`, `update_by`, `update_time`, `is_deleted`) VALUES ('435', 'en_US', 'email:userWarningProcessingSchedule', '<h3>Hello!</h3>\r\n<p>click the link login can query the people with disabilities order handling process recently.</p>\r\n<p>reported barrier single number:</p>\r\n<p>${warningNum}</p>\r\n<p>login link:</p>\r\n<p>${videoAdminLoginAddress}</p>\r\n<h3>Best Regards!</h3><br>\r\n<h3>Leedarson platform Team</h3>', '11003408', '2018-08-27 07:42:06', NULL, '2018-08-27 07:42:06', 'valid');
REPLACE INTO `iot_db_system`.`lang_info` (`id`, `lang_type`, `lang_key`, `lang_value`, `create_by`, `create_time`, `update_by`, `update_time`, `is_deleted`) VALUES ('436', 'zh_CN', 'email:userWarningProcessingSchedule', '<h3>您好!</h3>\r\n<p>点击链接登录可以查询该报障单号的最近处理流程。</p>\r\n<p>报障单号：</p>\r\n<p>${warningNum}</p>\r\n<p>登录链接地址：</p>\r\n<p>${videoAdminLoginAddress}</p>', '11003408', '2018-08-27 07:42:06', NULL, '2018-08-27 07:42:06', 'valid');
REPLACE INTO `iot_db_system`.`lang_info` (`id`, `lang_type`, `lang_key`, `lang_value`, `create_by`, `create_time`, `update_by`, `update_time`, `is_deleted`) VALUES ('437', 'zh_CN', 'goods:appdabaofuw', 'App Package Service', NULL, '2018-09-04 16:14:10', NULL, '2018-09-04 16:14:16', 'valid');
REPLACE INTO `iot_db_system`.`lang_info` (`id`, `lang_type`, `lang_key`, `lang_value`, `create_by`, `create_time`, `update_by`, `update_time`, `is_deleted`) VALUES ('438', 'en_US', 'goods:appdabaofuw', 'App打包服务', NULL, '2018-09-04 16:14:10', NULL, '2018-09-04 16:14:16', 'valid');
REPLACE INTO `iot_db_system`.`lang_info` (`id`, `lang_type`, `lang_key`, `lang_value`, `create_by`, `create_time`, `update_by`, `update_time`, `is_deleted`) VALUES ('439', 'zh_CN', 'goods:googleyuyinfuw', 'Assistant语音接入', NULL, '2018-09-04 08:17:48', NULL, '2018-09-04 08:17:48', 'valid');
REPLACE INTO `iot_db_system`.`lang_info` (`id`, `lang_type`, `lang_key`, `lang_value`, `create_by`, `create_time`, `update_by`, `update_time`, `is_deleted`) VALUES ('440', 'en_US', 'goods:googleyuyinfuw', 'Google Assistant Access', NULL, '2018-09-04 16:14:10', NULL, '2018-09-04 16:14:16', 'valid');
REPLACE INTO `iot_db_system`.`lang_info` (`id`, `lang_type`, `lang_key`, `lang_value`, `create_by`, `create_time`, `update_by`, `update_time`, `is_deleted`) VALUES ('441', 'zh_CN', 'goods:amazonyuyinfuw', 'Alexa语音接入', NULL, '2018-09-04 16:14:10', NULL, '2018-09-04 16:14:16', 'valid');
REPLACE INTO `iot_db_system`.`lang_info` (`id`, `lang_type`, `lang_key`, `lang_value`, `create_by`, `create_time`, `update_by`, `update_time`, `is_deleted`) VALUES ('442', 'en_US', 'goods:amazonyuyinfuw', 'Amazon Alexa Access', NULL, '2018-09-04 16:14:10', NULL, '2018-09-04 16:14:16', 'valid');
REPLACE INTO `iot_db_system`.`lang_info` (`id`, `lang_type`, `lang_key`, `lang_value`, `create_by`, `create_time`, `update_by`, `update_time`, `is_deleted`) VALUES ('443', 'zh_CN', 'dict_item:yuyinjieru', '语音控制接入', NULL, '2018-09-04 08:29:15', NULL, '2018-09-04 08:29:15', 'valid');
REPLACE INTO `iot_db_system`.`lang_info` (`id`, `lang_type`, `lang_key`, `lang_value`, `create_by`, `create_time`, `update_by`, `update_time`, `is_deleted`) VALUES ('444', 'en_US', 'dict_item:yuyinjieru', 'Voice Control Service', NULL, '2018-09-04 08:28:55', NULL, '2018-09-04 08:28:55', 'valid');